run_dir,arm,metrics_sha256,trajectory_sha256,config_sha256,provenance_sha256,plant_backend,mujoco_version,prediction_mode
/home/mapples/projects/mobile-robot-mppi-study/results/research_platform/rl/l218_dev_screen_coupled_gate_v2_s91001_cylinder_forest_seed91001/runs/simple_combination/simple_combination__l218_cylinder_forest__nominal_seen__seed91001,simple_combination,4c271b6e312ddfe34605be76965b6f009ec6a8d5b55fdc1ee385e9466cf7e67b,2dc7fbc39323f0727c57cc05fd68040718bf3bc8eecb510c627fabd162fbee6e,cd10b2d0fd47dde5626e512959e293ddac37f158cc3cb132bd9dbe387efefe6d,6444295c1f5356940825a95724f12ddbe5370e55ae27c488036f03045bc59fd6,mujoco_diff_drive,3.2.3,icode_residual
/home/mapples/projects/mobile-robot-mppi-study/results/research_platform/rl/l218_dev_screen_coupled_gate_v2_s91001_cylinder_forest_seed91001/runs/full_proposed/full_proposed__l218_cylinder_forest__nominal_seen__seed91001,full_proposed,3f0bc1684664738dc71160fd1bdb0fbf1ba66a76badc87d58dae7d54343d36a3,c85a682d19e2bd2fa96ddd2a537063ef1eba74be77ea10ae9795e6af207bc0b6,b67a4f519ac8dbc46809cf4e927abf4316b293f671f9e71c0f44837af5f3b9a6,e722ddd7ddf57523947a1107b504908b2d7cd819d822c2f86bf5ac021ab6dc7c,mujoco_diff_drive,3.2.3,icode_residual
/home/mapples/projects/mobile-robot-mppi-study/results/research_platform/rl/l218_dev_screen_coupled_gate_v2_s91001_cylinder_spiral_seed91001/runs/simple_combination/simple_combination__l218_cylinder_spiral__nominal_seen__seed91001,simple_combination,0b883cfadeb123f56dfe9da97cecd9514cbf5eb7ca51a2bc9be528d668aa0767,46a37d57fe9b165341f62700c29d147754343d58b1be6c4aa504761fa5381a3f,7700cc031342c7763197cde673f1fc5cb3b0e1e4fc402dc433bdef69b989276d,1c26521d09943a024d0c9a620e3e638b91df1ccf7b6eb98ead5b472eb907ea74,mujoco_diff_drive,3.2.3,icode_residual
/home/mapples/projects/mobile-robot-mppi-study/results/research_platform/rl/l218_dev_screen_coupled_gate_v2_s91001_cylinder_spiral_seed91001/runs/full_proposed/full_proposed__l218_cylinder_spiral__nominal_seen__seed91001,full_proposed,75791f5d8624b8f688296b5498cf5fab0d2962b7c2c2166880b762671bc84b8e,c6eaea99678104d163e289e2daa831b7de721423e8c7ce769df78f08dbd54187,d620048c614152062359e3a7442b7f3a4fae1378f9d9fc002851af113ed1dbb3,a8f4aa4aabdce188dd98f8e8a464f83ac27ce3b577b309aa9d3fd47fb4eff47d,mujoco_diff_drive,3.2.3,icode_residual
/home/mapples/projects/mobile-robot-mppi-study/results/research_platform/rl/l218_dev_screen_coupled_gate_v2_s91001_giant_u_seed91001/runs/simple_combination/simple_combination__l218_giant_u__nominal_seen__seed91001,simple_combination,1ad4032e951d85f13f9cd87709352612f7e9aaa0646c2e0628b0c32105dd5dae,d17eecef8a2a7f8d7887a403dff525bd89a459875ab3cd8814c6ab828f7b3e0e,cfd8699d014abc09bd09dc2f1309fa5375aa0029f14e256473a01a6587b4e373,1d1f5e27030b06f39acafcbf271ae3e4c7ecc838f042017e70a56aae850ac52e,mujoco_diff_drive,3.2.3,icode_residual
/home/mapples/projects/mobile-robot-mppi-study/results/research_platform/rl/l218_dev_screen_coupled_gate_v2_s91001_giant_u_seed91001/runs/full_proposed/full_proposed__l218_giant_u__nominal_seen__seed91001,full_proposed,f63671567e698a2011e90dd7222d39121a8360184846b8531ae641cbc8eb8739,991937cd1bccaa949e4901c49ee545b63808b1faa2e05f3383c992dfd5ed0564,347b037e186d79e5617a76bb6bcb1731e49a3bc5c771ab369596fe95720bd4eb,4cdf11c58d4df8872013f87d670f3f38043ef10046951266eff44a5a49bfd5f0,mujoco_diff_drive,3.2.3,icode_residual
/home/mapples/projects/mobile-robot-mppi-study/results/research_platform/rl/l218_dev_screen_coupled_gate_v2_s91001_nested_u_seed91001/runs/simple_combination/simple_combination__l218_nested_u__nominal_seen__seed91001,simple_combination,4b66b8469ce1f9f5b9756bc24e5b223c66dbe7aa52c413576e2461860b59bafb,e1f33d0121b4ab6682208edf61327832454eb805f43d727052cacef1479a9f63,f36976a15e40ded35a84fbaa5c6d292327b17af881ca9ff154093e2192bf2872,6389b4d49ee965a2435b196a8d7dcad8a27487ab2401b5aedc335e9198b64875,mujoco_diff_drive,3.2.3,icode_residual
/home/mapples/projects/mobile-robot-mppi-study/results/research_platform/rl/l218_dev_screen_coupled_gate_v2_s91001_nested_u_seed91001/runs/full_proposed/full_proposed__l218_nested_u__nominal_seen__seed91001,full_proposed,2603347d80ae682bce1581c94134110c8aecd8f8344ad0bdd05dadb8c26e06b9,9dc569bdc647b27b149f4bd21ab3d14d4d96cbeb15b0173ecb46ed3f90aba73e,956f2a77af3521b61d1b721a67bff998d3c17dc423848d5ed799517ca5ab0b39,63ab2eca68aa3d22d7d9e3bc5024a1226b417a43a2f137d7d3bcf377ad6db8d1,mujoco_diff_drive,3.2.3,icode_residual
/home/mapples/projects/mobile-robot-mppi-study/results/research_platform/rl/l218_dev_screen_coupled_gate_v2_s91001_opposed_u_seed91001/runs/simple_combination/simple_combination__l218_opposed_u__nominal_seen__seed91001,simple_combination,d4219f021445138830c05e96cf2ea35cfbd208fbd021a22de263274934233db2,f06c1b6980ec237e743f78df7f44655d9942c70ae4381862b2a453b4130776fd,d17b2f86c0f6dfd0815b9af228853d90ef6ab1847edd327ec33926be40130710,fe32f5cbbaa2e141f6f1dc814ad5f8caa1d8176f33f479ec0c6820d6d062b0be,mujoco_diff_drive,3.2.3,icode_residual
/home/mapples/projects/mobile-robot-mppi-study/results/research_platform/rl/l218_dev_screen_coupled_gate_v2_s91001_opposed_u_seed91001/runs/full_proposed/full_proposed__l218_opposed_u__nominal_seen__seed91001,full_proposed,9034aa2d8470b10143702a88effdf0e20a50b32a1e903fe6950ae2911cd930c1,1b975bb8e303a1b173cb53f123c694ad49297f6fd6d30150539bde11dfb13a8c,fa2c35a0dadd29aa502f31a9c32fb26db5c00f94aec76540334511a52291ac64,055db3d2de777267b987132b3f694546006af9b04b6cc6e3ace34441697e56fc,mujoco_diff_drive,3.2.3,icode_residual
/home/mapples/projects/mobile-robot-mppi-study/results/research_platform/rl/l218_dev_screen_coupled_gate_v2_s91001_serpentine_seed91001/runs/simple_combination/simple_combination__l218_serpentine__nominal_seen__seed91001,simple_combination,3c0cd99d97de8c58f38a22fd1a557084346b815a11b3a3333a6285bb5facacf2,c3a40946c96aba553309ffa6a202ed24953f8f7b377e01e3753f1731708dc875,c73221eb59690c2181422afaad663b396fd94247833771b9b1059ffacb67339e,034a5fe075fd633903536c3753185f4f9502bcf0e8502c8acfdc1558c16baaa9,mujoco_diff_drive,3.2.3,icode_residual
/home/mapples/projects/mobile-robot-mppi-study/results/research_platform/rl/l218_dev_screen_coupled_gate_v2_s91001_serpentine_seed91001/runs/full_proposed/full_proposed__l218_serpentine__nominal_seen__seed91001,full_proposed,9e71ece7ec8006da65098165a0b751501646dd3444104fe57c29b1669b732745,eba129f8141020c61b1ac6f22dfd896bd981e86c008862bf38ff48a18bdb8e75,97353e674dfecfa17ab0fff997e9ed2064d7457b89deaa757a18f48c11fa0ad5,214c7dd58bd38b1020a130db56d4954e84b50903ae688084d97d42ee36d998b8,mujoco_diff_drive,3.2.3,icode_residual
/home/mapples/projects/mobile-robot-mppi-study/results/research_platform/rl/l218_dev_screen_coupled_gate_v2_s91002_cylinder_forest_seed91002/runs/simple_combination/simple_combination__l218_cylinder_forest__nominal_seen__seed91002,simple_combination,ebe0bbb5ce14d9eda4f2a53871efd8733d10b5a97c0c7dae871a0a2157eb8ded,24015e028a6aee2336b0952dc604e0184eb05ccbf814251b6407bb57a607bb92,82fb649d175914991a94b27800879d78d3133db49acc7e36403a35ae81740007,ddb632c151f226d1593cc6f4986bf7a5ea018ade6681582f020161f88e9fc1b4,mujoco_diff_drive,3.2.3,icode_residual
/home/mapples/projects/mobile-robot-mppi-study/results/research_platform/rl/l218_dev_screen_coupled_gate_v2_s91002_cylinder_forest_seed91002/runs/full_proposed/full_proposed__l218_cylinder_forest__nominal_seen__seed91002,full_proposed,5d4e0162ea3012a1178748b814550f85de7e912213e0092b06ec1180da1372ae,bf952b91dd334863a4f2f8e6d29eed2a95b2a3c0242d1d7457434914e4a83557,fe2dffa17aff739b9f5078dcc5a90ddaced389fce5e55c437e98db89a02bfdaa,15dc4cb250fa42e3839f3af3ac61473329c65d04a59f0a5154da6ccdca76ae7d,mujoco_diff_drive,3.2.3,icode_residual
/home/mapples/projects/mobile-robot-mppi-study/results/research_platform/rl/l218_dev_screen_coupled_gate_v2_s91002_cylinder_spiral_seed91002/runs/simple_combination/simple_combination__l218_cylinder_spiral__nominal_seen__seed91002,simple_combination,d7811ff8f62fdec53140d06351c576ccda8e1831048f80e0d4688dd0e64c7a53,6b4a66704cb73a27b6af644a1368f5b862d4b4c11fbfbbc76a8fa1dc633dda20,f49cb8d6e08c7ee27df3cf0890e285ea968c14b34f8887940aef1234bb247a7c,578d9c9f5395ce3fb0a2921d488c2053e34c757616796b0d356a6c1db2624428,mujoco_diff_drive,3.2.3,icode_residual
/home/mapples/projects/mobile-robot-mppi-study/results/research_platform/rl/l218_dev_screen_coupled_gate_v2_s91002_cylinder_spiral_seed91002/runs/full_proposed/full_proposed__l218_cylinder_spiral__nominal_seen__seed91002,full_proposed,90eb63141fef63a0d1c041c62dfabd67950edc080fd7cf3e2b623e3ba2d13e3b,65415669911d8f9f5808c43c802300ce3b048bea1d7602aabd2e460a0cba828e,afa2b1629607e1f6012182ea937e83315c2328a58b5e45d2e4e4de79a9c4999e,e66e8d60e9bf1eefff7022cf5f97635a8e706c31a28ed9577060326259e2903b,mujoco_diff_drive,3.2.3,icode_residual
/home/mapples/projects/mobile-robot-mppi-study/results/research_platform/rl/l218_dev_screen_coupled_gate_v2_s91002_giant_u_seed91002/runs/simple_combination/simple_combination__l218_giant_u__nominal_seen__seed91002,simple_combination,2d8b89b23ecfdd01f9c2c10e64756a891b971f9e201dba9bd6ade4543592684d,ca963555e2f7ce49c237eabfeb52ad4d53de0de1cea4d220ea3e3e0a622d9544,208f2a92780ded99fa5a0ed1afd5ce95f8059ccbcd3c96741091f8bc779194ae,22dd6860538bbde4d0d4cc9ecb47c51561f5c43b8f725c0a898fb2c388c72893,mujoco_diff_drive,3.2.3,icode_residual
/home/mapples/projects/mobile-robot-mppi-study/results/research_platform/rl/l218_dev_screen_coupled_gate_v2_s91002_giant_u_seed91002/runs/full_proposed/full_proposed__l218_giant_u__nominal_seen__seed91002,full_proposed,a259b6554bd21aee79627f309ed623d8d65e77e31922437e2b29ab8b9c662972,ec3dcf00e56cefe7e4e2196545d339ee986123c55882ab1bab813f74e8528158,88ea14e197d527020a2887f1e0472d4edd83caa5d0f4a4e0350958a71ff6ba29,6b2060dcec70e35e725db6da88ca284110036e4ee0e57bcb845def3ce4ee8fa3,mujoco_diff_drive,3.2.3,icode_residual
/home/mapples/projects/mobile-robot-mppi-study/results/research_platform/rl/l218_dev_screen_coupled_gate_v2_s91002_nested_u_seed91002/runs/simple_combination/simple_combination__l218_nested_u__nominal_seen__seed91002,simple_combination,c86d7e1de0a7be518ead9556fec00e181b50cbc8eebd2926c6a9ef3ec32a34c1,adc7bc11582edd44181d07ef6040e4fd3019a1bc020396898334453a7e8c06f5,43bb240ef0928f99eb206c62254e77f0b0f72dd38332ce0defc213d595f09abf,fe9c14cc9ff9f7f938b3e4bde29131e91e7ee50fd0155a3b0e9a56785fab746d,mujoco_diff_drive,3.2.3,icode_residual
/home/mapples/projects/mobile-robot-mppi-study/results/research_platform/rl/l218_dev_screen_coupled_gate_v2_s91002_nested_u_seed91002/runs/full_proposed/full_proposed__l218_nested_u__nominal_seen__seed91002,full_proposed,e2f9e3b047b9c971aca5c6301e42c81984aecacab1fa90de61ed7ee8a0d475da,b1b77e6dee9444b40e6dd7369d7412754047d977d355c4c744f121578107f104,0b76e74e99807990cc60961a1fcd30deb2802d9161fde480b2093f94458d14ef,a2ba805b4ce8a0b1edb29aac5f77bcabb05fad87e11ddf6ee70ed902385db580,mujoco_diff_drive,3.2.3,icode_residual
/home/mapples/projects/mobile-robot-mppi-study/results/research_platform/rl/l218_dev_screen_coupled_gate_v2_s91002_opposed_u_seed91002/runs/simple_combination/simple_combination__l218_opposed_u__nominal_seen__seed91002,simple_combination,b506d86909471c6fe0e91a8453d5f3f528fbba8805b31cac11ea47b87479eeb2,df37fe4fb3b296f271840c7a46239a44cd532b8e865bcbbbb4449173659f691e,3aff5e1c8e2dd248eedac9c94f90a511b7be1a568d6d4bcc52e40ed8840e782a,9347fa143f5f7650261533efa0745c23ae0bda1a23b2e76c2bd7c5c8d51a84d3,mujoco_diff_drive,3.2.3,icode_residual
/home/mapples/projects/mobile-robot-mppi-study/results/research_platform/rl/l218_dev_screen_coupled_gate_v2_s91002_opposed_u_seed91002/runs/full_proposed/full_proposed__l218_opposed_u__nominal_seen__seed91002,full_proposed,c9d76039e3c15c87b40cd223c3ab8f6359270c5129aecf15b9488790a6cccf9e,3141d43c2923d3637deece45e5393a582b35f32536ba322518a3d68678832aa7,f27bc843f821f7596bfe4f1564552624c6f6e40550397d02bd27f3e7003f43ac,e00dba577bbcea2af129dae82b3cdc23c900d850af449a747a4c4bb5ec231f9a,mujoco_diff_drive,3.2.3,icode_residual
/home/mapples/projects/mobile-robot-mppi-study/results/research_platform/rl/l218_dev_screen_coupled_gate_v2_s91002_serpentine_seed91002/runs/simple_combination/simple_combination__l218_serpentine__nominal_seen__seed91002,simple_combination,6c4f4d357d7daa8b955db78ba3df6c8d68b8df9b22013ba0dcc60bf9d6002886,fcd866e4c831ed2d66c5ca21db72bd2fb3eaa5ac65d52597d8c901c415dde4b5,d3c00c6b0b979f02cb28f8c6e9e0a322fdc26728464f9d4887eced193c75d0fc,23b3155f4622508b5f02d41d1cb99db18e5cc2845d4350f70afc205e0519ed69,mujoco_diff_drive,3.2.3,icode_residual
/home/mapples/projects/mobile-robot-mppi-study/results/research_platform/rl/l218_dev_screen_coupled_gate_v2_s91002_serpentine_seed91002/runs/full_proposed/full_proposed__l218_serpentine__nominal_seen__seed91002,full_proposed,6a854e096b18ba9fa26d30fb25e085f56661a6fd327e19e05d1c5fb3c197ad08,60faea2842b63326a6c19f1e6e7a37293ac0fda8794196b41643f9acaba721dc,ff3253194075fba1762d548b0ad423730229a4346aabf94e72b5b5e099dfee50,a98b9ebe3dfd63b32616482452c02da3b85bc6ee75f402eec432a9f66f9cc20d,mujoco_diff_drive,3.2.3,icode_residual
/home/mapples/projects/mobile-robot-mppi-study/results/research_platform/rl/l218_dev_screen_coupled_gate_v2_s91003_cylinder_forest_seed91003/runs/simple_combination/simple_combination__l218_cylinder_forest__nominal_seen__seed91003,simple_combination,4eeab44443b9d95f87e43fa29b517973ca878246f1aa927a041900eea34d2ad7,b30e5be441e061b6e1ff02c857a201a196197e554c6ca59070c4daee1a499f0f,10e58d972e50247bb7867f416d54cff15f06562a59ec9fe8722ff69b89002252,6e76309fe0a3e7089d00db0ff80757ab3a7a2109668e76ad9f1ba475f99537ca,mujoco_diff_drive,3.2.3,icode_residual
/home/mapples/projects/mobile-robot-mppi-study/results/research_platform/rl/l218_dev_screen_coupled_gate_v2_s91003_cylinder_forest_seed91003/runs/full_proposed/full_proposed__l218_cylinder_forest__nominal_seen__seed91003,full_proposed,e5f3414af339fe7d7b983f31902d65e933291a569a800b28b36b10dc918b0e47,5b014ea6f9cba3613c2d521de453b73fda9b054721c8b0c92fe860500c669e32,9c06649d52ccb60d57a4832fb487329e0d3cbf23355b4ddcab06a614b7446511,d7acef48e93bc75affb95e299d6328b4513d8d11a6eb0873d5d20a623f7f3bef,mujoco_diff_drive,3.2.3,icode_residual
/home/mapples/projects/mobile-robot-mppi-study/results/research_platform/rl/l218_dev_screen_coupled_gate_v2_s91003_cylinder_spiral_seed91003/runs/simple_combination/simple_combination__l218_cylinder_spiral__nominal_seen__seed91003,simple_combination,a45a9dcd9d0ceae2e8dfdf4839353aaba49134792dfa2159c76afd04ec4c8c65,3faf4479c4736c43bd6cd7c260bf9a0126697ac3e6725ac78b386f2f19bc9ef2,e81c25e9982c671511c1aae6931402074d2351271908d0a915e602f35bebc0b2,e819e124a3bc4da5cca30ebd0fd6f1eb8864225adb130e7ba0b14ec7f1acca23,mujoco_diff_drive,3.2.3,icode_residual
/home/mapples/projects/mobile-robot-mppi-study/results/research_platform/rl/l218_dev_screen_coupled_gate_v2_s91003_cylinder_spiral_seed91003/runs/full_proposed/full_proposed__l218_cylinder_spiral__nominal_seen__seed91003,full_proposed,4e95c3901fab4fe11110d7f04bef3b62ab2ffa3a1b5ebb3f6d551bdbfc45b6e8,4490451b037ec439696c8f8c21c1edd5b4894693d4f372b3b64c9f83bad7e1d8,ce4c4ee9cbe3412f402949b97e1587f9581e3416aa4aa330e92efdcdf3159080,164476934294ecf9a561ba40cc4a2ad9c051320e428894b0621ca356f8bad689,mujoco_diff_drive,3.2.3,icode_residual
/home/mapples/projects/mobile-robot-mppi-study/results/research_platform/rl/l218_dev_screen_coupled_gate_v2_s91003_giant_u_seed91003/runs/simple_combination/simple_combination__l218_giant_u__nominal_seen__seed91003,simple_combination,6561e4944003ce1aaf441efacba097ec310ddb9b90b03c6535b0cc689dbc248a,cb1956ee8aa8393a2fc274e53803ee5d4ba0b35262d91ee35fee11ad6816a40b,c58e0e3f24da8fba3baa3ab401b54f14478c9b9d4f5b0c74dbaf86caf2b29882,66c2f56339c29e1d6b384a49b5aa92b4b1bb01371532ad22267917827dfe412c,mujoco_diff_drive,3.2.3,icode_residual
/home/mapples/projects/mobile-robot-mppi-study/results/research_platform/rl/l218_dev_screen_coupled_gate_v2_s91003_giant_u_seed91003/runs/full_proposed/full_proposed__l218_giant_u__nominal_seen__seed91003,full_proposed,6600a38fe46cc5b5212ae91165d97902a97ce2fe4d975d8793325512b73e4442,918c99e735e42edf3c23d71648c7342b36c9adcb70eb9c0edbb9b12232241a17,3f81c3a6ccfc1899d50716ea266d7461482412bb267d255f6dcaab5319fbaee7,9f25162241557022e1958e3cf648a5365d6ef050b2d8338fea3e84fe37af554a,mujoco_diff_drive,3.2.3,icode_residual
/home/mapples/projects/mobile-robot-mppi-study/results/research_platform/rl/l218_dev_screen_coupled_gate_v2_s91003_nested_u_seed91003/runs/simple_combination/simple_combination__l218_nested_u__nominal_seen__seed91003,simple_combination,eacce7abaa1e49ff15cb90f73016ec93fb61c7e3ab63582b0cf405ac5401bd85,b1a8a3ec788c3babc3f422de3e979e6a1c55c9603186a36d96f8117bd89f2c1c,04563a7b5feeec4c27b00472bfcd094bf691dbac3dd62ad2ba6d71dce118c7ad,ba25767e48ce3f50a9e3f2cb21975ab44171f21b95bf3a5cf602853b08fccb17,mujoco_diff_drive,3.2.3,icode_residual
/home/mapples/projects/mobile-robot-mppi-study/results/research_platform/rl/l218_dev_screen_coupled_gate_v2_s91003_nested_u_seed91003/runs/full_proposed/full_proposed__l218_nested_u__nominal_seen__seed91003,full_proposed,c9238b8b8718baf870c6165616cd6c509807b2a8571e87541034b149f8e6ffd6,fafb830bbc5f3eb5a03f218f92204d1478f2bff1e519af16083d9ffab150b13e,9a68e64bdd8a54a358c6bf69ec321a300d4626875e123ff31239a1421378c458,de346e51c227bb7f09c95375cfa1032e6cfef93bec4648318d237e549959e589,mujoco_diff_drive,3.2.3,icode_residual
/home/mapples/projects/mobile-robot-mppi-study/results/research_platform/rl/l218_dev_screen_coupled_gate_v2_s91003_opposed_u_seed91003/runs/simple_combination/simple_combination__l218_opposed_u__nominal_seen__seed91003,simple_combination,6e7bb03aa941178f756ccabc795498a0a1131608b66228c59e9df16d77062337,9965d2fc534c64ef21054d8a7293cd207a9a015dad8310f78a7cf18741ff0123,d803479b2a74896abd19dfff6ca9c44855efe9c3bb929d6cb13f89afcf27aab6,fbbb7a07014572be1d472c4b641a9d9d34df75c05c5485570c987f74d3cec85e,mujoco_diff_drive,3.2.3,icode_residual
/home/mapples/projects/mobile-robot-mppi-study/results/research_platform/rl/l218_dev_screen_coupled_gate_v2_s91003_opposed_u_seed91003/runs/full_proposed/full_proposed__l218_opposed_u__nominal_seen__seed91003,full_proposed,900807a0945e667b708d0716cb4ba7d8cbff8410da470f7b5195c443711462d2,2721441b279d33e3dfc8febaa99f21f27b50a98698fdccbdf8672e604e024a6e,2a960dba8d22fdffc284f10a76fe8eff9c904af970d3187bd90014ff3b88c181,aa380f6e02e7c3e5471259a42b19ac7726abb0118f2887e40ea10bded400151d,mujoco_diff_drive,3.2.3,icode_residual
/home/mapples/projects/mobile-robot-mppi-study/results/research_platform/rl/l218_dev_screen_coupled_gate_v2_s91003_serpentine_seed91003/runs/simple_combination/simple_combination__l218_serpentine__nominal_seen__seed91003,simple_combination,09a14b781e37bf9b82b887f4b533209508282caa3de6605f8f99bddbf5d7cff6,43a3beacc4d4281e39b293b14f0b57d2711895c2ba1197f7d0c32359d604e8ca,3374b24cba65e31f07728cce63584b6da61e7f10aa85039c0355ec2e65ca2d37,8144c0a8b8752ff7c7078b86d338d4af855f82eaf4c61ab854608a4f4d8acc16,mujoco_diff_drive,3.2.3,icode_residual
/home/mapples/projects/mobile-robot-mppi-study/results/research_platform/rl/l218_dev_screen_coupled_gate_v2_s91003_serpentine_seed91003/runs/full_proposed/full_proposed__l218_serpentine__nominal_seen__seed91003,full_proposed,3765e813695d5b87d2119db5d9103b6907d8ce75dc6e4443d71a79a9e3f416f0,5cb78abd383edf960bad244a4154f5bbde1eafe7876ce4962bc6c35b415816a4,bc0662f5e5ea1c5d820dc6a29f5cab177cc31b426bbd34cdf26f1504cd8bf8dc,7ba5e94b8ecbf54da1f82ab3e33f1c033649f46469ce2ca3058e5a9ffaef7a9c,mujoco_diff_drive,3.2.3,icode_residual
