steps,success,termination_reason,time_to_goal_s,collision,final_goal_distance,trajectory_length,cross_track_rmse,cross_track_mean,cross_track_max,minimum_clearance,dynamic_obstacle_count,minimum_dynamic_obstacle_center_distance,mean_abs_omega,control_jerk,applied_control_jerk,stuck_steps,spin_steps,mean_slip_ratio,safety_interventions,safety_reason_counts,temporal_scan_valid_fraction,temporal_scan_risk_alpha_mean,temporal_scan_risk_alpha_max,temporal_scan_closing_rate_mps_max,temporal_scan_rejected_jump_fraction_max,temporal_safety_interventions,planner_compute_ms_mean,planner_compute_ms_p50,planner_compute_ms_p95,planner_compute_ms_p99,planner_compute_ms_max,residual_support_confidence_mean,residual_support_confidence_min,residual_support_reduced_fraction_mean,residual_support_disabled_fraction_mean,profile_planner_state_reference_ms_mean,profile_planner_prior_ms_mean,profile_mppi_sampling_ms_mean,profile_mppi_batch_rollout_ms_mean,profile_mppi_cost_ms_mean,profile_mppi_weighting_update_ms_mean,profile_mppi_final_rollout_ms_mean,profile_mppi_solve_total_ms_mean,planner_deadline_ms,planner_deadline_misses,planner_deadline_miss_rate,effective_sample_size_mean,effective_sample_size_min,sample_saturation_fraction_mean,optimizer,rl_driven_total_rollouts_mean,paper_total_rollouts_mean,paper_candidates_per_iteration_mean,paper_guided_unique_sequences_mean,paper_guided_reuses_total,reliability_hss_enabled_fraction,reliability_authority_mean,reliability_authority_min,reliability_authority_max,reliability_dynamics_confidence_mean,reliability_dynamics_confidence_min,reliability_dynamics_confidence_max,reliability_actor_support_confidence_mean,reliability_actor_support_confidence_min,reliability_actor_support_confidence_max,reliability_actor_competence_mean,reliability_actor_competence_min,reliability_actor_competence_max,reliability_actor_competence_raw_mean,reliability_actor_competence_mapped_mean,reliability_actor_competence_guided_yield_mean,reliability_actor_competence_gaussian_yield_mean,reliability_low_fraction,reliability_medium_fraction,reliability_high_fraction,reliability_guided_fraction_applied_mean,reliability_guided_fraction_next_mean,reliability_guided_fraction_raw_applied_mean,reliability_guided_fraction_raw_applied_min,reliability_guided_fraction_raw_next_mean,reliability_guided_fraction_raw_next_min,terminal_guidance_floor_active_fraction,terminal_guidance_tracking_active_fraction,terminal_guidance_terminal_active_fraction,paper_guided_elite_count_total,paper_gaussian_elite_count_total,rl_elite_fraction_mean,rl_elite_count_total,shifted_elite_count_total,base_elite_count_total,covariance_scale_mean,terminal_value_enabled_fraction,terminal_value_conservative_enabled_fraction,terminal_value_authority_mean,terminal_value_authority_min,terminal_value_authority_max,terminal_value_dynamics_confidence_mean,terminal_value_critic_confidence_mean,terminal_value_uncertainty_mean,terminal_value_uncertainty_cost_mean,terminal_q_mean,terminal_q_disagreement_mean,anytime_mean_samples,anytime_add_fraction,anytime_predicted_advantage_mean,anytime_confidence_width_mean,anytime_decision_refresh_fraction,rl_gate_alpha_mean,rl_gate_fallback_steps,rl_policy_mode,rl_correction_gate_alpha_mean,rl_base_action_abs_mean,rl_unit_correction_abs_mean,rl_applied_correction_abs_mean,rl_applied_correction_abs_max,rl_raw_applied_correction_abs_mean,rl_correction_advantage_gate_mode,rl_correction_advantage_critic_source,rl_correction_advantage_threshold,rl_correction_advantage_uncertainty_multiplier,rl_correction_advantage_gate_alpha_mean,rl_correction_support_gate_enabled,rl_correction_support_confidence_mean,rl_correction_support_confidence_min,rl_correction_effective_gate_alpha_mean,rl_unselected_critic_diagnostics_computed_fraction,rl_selected_consensus_lcb_mean,rl_online_conservative_advantage_mean,rl_online_conservative_advantage_min,rl_online_conservative_advantage_max,rl_online_positive_advantage_fraction,rl_target_conservative_advantage_mean,rl_target_conservative_advantage_min,rl_target_conservative_advantage_max,rl_target_positive_advantage_fraction,rl_ood_score_mean,rl_ood_score_max,rl_scene_complexity_score_mean,rl_scene_complexity_score_max,rl_scene_complexity_front_proximity_mean,rl_scene_complexity_constriction_mean,rl_scene_complexity_density_mean,rl_scene_complexity_scan_valid_fraction,rl_temporal_closing_gate_alpha_mean,rl_temporal_closing_gate_alpha_max,rl_temporal_closing_rate_mps_max,rl_temporal_closing_held_fraction,rl_hazard_activation_mean,rl_competence_confidence_mean,rl_baseline_progress_m_mean,rl_baseline_progress_gate_ready_fraction,rl_baseline_stagnation_activation_mean,rl_baseline_stagnation_activation_max,rl_baseline_stagnation_held_fraction,rl_gate_active_fraction,rl_learned_inference_skip_fraction,profile_prior_fallback_ms_mean,profile_prior_encode_normalize_ms_mean,profile_prior_gate_features_ms_mean,profile_prior_actor_ms_mean,profile_prior_advantage_ms_mean,profile_prior_decoder_ms_mean,profile_prior_outer_gate_ms_mean,profile_prior_total_ms_mean,rl_critic_disagreement_mean,rl_critic_disagreement_max,rl_exploration_activation_mean,rl_exploration_latch_alpha_mean,rl_subgoal_distance_mean,rl_subgoal_abs_bearing_mean,path_completion_ratio,raw_path_completion_ratio,path_completion_corridor,tangent_heading_rmse,path_cross_track_rmse_recomputed,method,factorial_arm,value_alignment,adaptive_hss,scene,scene_source,physics_domain,physics_domain_role,seed,block,run_order_within_block,global_run_order,actor_checkpoint,icode_checkpoints,reliability_calibration_summary,rollout_budget_per_decision,paper_iterations,metric_profile,terminal_guidance_radius,terminal_guided_fraction_floor
201,True,goal_reached,20.09999999999974,False,0.2447289125025862,5.938648940186007,0.06703719233519716,0.05890793923843961,0.1535436429237481,,0,,0.23592133254327508,0.10559606772792003,0.06882954169713133,5,0,0.061904732939816624,0,{},0.0,0.0,0.0,0.0,0.0,0,281.2529049100052,306.2858960038284,352.6945180055918,383.8275989983231,720.3890300006606,0.8818753497133084,0.28183988324580134,0.0,0.0,0.0,0.0,0.0,0.0,0.0,0.0,0.0,0.0,100.0,201,1.0,6.06554653832322,1.0000000000391633,0.0,paper_rl_driven,0.0,100.0,50.0,9.17910447761194,3690,1.0,0.2506844615418097,0.02285727411981988,0.6493437464499999,0.999775378130996,0.9548510043302173,1.0,0.8806068316027893,0.6189841032028198,1.0,0.2507561476651747,0.02285727411981988,0.6493437464499999,0.47510389281231763,0.2295672846105137,0.08473258706467662,0.14932283029297955,0.8606965174129353,0.13930348258706468,0.0,0.18358208955223876,0.18208955223880594,0.18208955223880594,0.0,0.0417910447761194,0.0,0.46766169154228854,0.0,1.0,422,3598,0.0,0,0,0,0.3126595529968023,1.0,0.0,1.0,1.0,1.0,1.0,1.0,0.0,0.0,24.080373436820913,4.69466086298653,0.0,0.0,0.0,0.0,0.0,0.0,0,direct,0.0,0.0,0.0,0.0,0.0,0.0,none,online,0.0,1.0,1.0,False,1.0,1.0,1.0,0.0,0.0,0.0,0.0,0.0,1.0,0.0,0.0,0.0,1.0,0.0,0.0,0.0,0.0,0.0,0.0,0.0,0.0,0.0,0.0,0.0,0.0,0.0,0.0,0.0,0.0,0.0,0.0,0.0,0.0,0.0,0.0,0.0,0.0,0.0,0.0,0.0,0.0,0.0,0.0,0.0,0.0,0.0,0.0,0.0,0.9628802600202003,0.9628802600202003,0.75,0.14317065297924703,0.06703719233519716,simple_combination,full_proposed,1,1,path_offset_serpentine_holdout_l186,/home/mapples/projects/mobile-robot-mppi-study/configs/research/mujoco_path_offset_serpentine_holdout_l186.yaml,nominal_seen,seen,561,path_offset_serpentine_holdout_l186::nominal_seen::seed561,0,0,/home/mapples/projects/mobile-robot-mppi-study/results/research_platform/rl/path_conditioned_l185_seed20261901_60k_v2/checkpoints/step_000050000.pt,/home/mapples/projects/mobile-robot-mppi-study/results/research_platform/gate3_value_aligned_ensemble_member1_l192/best.pt|/home/mapples/projects/mobile-robot-mppi-study/results/research_platform/gate3_value_aligned_ensemble_member2_l192/best.pt|/home/mapples/projects/mobile-robot-mppi-study/results/research_platform/gate3_value_aligned_ensemble_member3_l192/best.pt,/home/mapples/projects/mobile-robot-mppi-study/results/research_platform/rl/path_aware_value_reliability_continuous_l192/calibration_summary.json,100,2,path_tracking,1.26,0.3
203,True,goal_reached,20.299999999999628,False,0.24067911834124972,5.995753729649537,0.06158049487410824,0.05493201054270268,0.127871268823114,,0,,0.24319076133636836,0.10969250806379409,0.07047787760561856,4,0,0.06576208412552625,0,{},0.0,0.0,0.0,0.0,0.0,0,281.3428765418882,307.3073510022368,362.59226189431496,482.33308075083187,496.5747890091734,0.88548205872875,0.2063446756136753,0.0,0.0,0.0,0.0,0.0,0.0,0.0,0.0,0.0,0.0,100.0,203,1.0,6.122626263972774,1.0000000000000782,0.0,paper_rl_driven,0.0,100.0,50.0,9.605911330049262,3900,1.0,0.2541124839798819,0.03399819192443076,0.7376315812978872,1.0,1.0,1.0,0.8723119696960073,0.5927902460098267,1.0,0.2541124839798819,0.03399819192443076,0.7376315812978872,0.45477142441359236,0.23464772816382612,0.080689853805816,0.15133122214403003,0.8669950738916257,0.10344827586206896,0.029556650246305417,0.19211822660098518,0.19064039408866992,0.19064039408866992,0.0,0.048768472906403945,0.0,0.4729064039408867,0.0,1.0,435,3625,0.0,0,0,0,0.3162316425377102,1.0,0.0,1.0,1.0,1.0,1.0,1.0,0.0,0.0,23.50774636162913,4.92886867320633,0.0,0.0,0.0,0.0,0.0,0.0,0,direct,0.0,0.0,0.0,0.0,0.0,0.0,none,online,0.0,1.0,1.0,False,1.0,1.0,1.0,0.0,0.0,0.0,0.0,0.0,1.0,0.0,0.0,0.0,1.0,0.0,0.0,0.0,0.0,0.0,0.0,0.0,0.0,0.0,0.0,0.0,0.0,0.0,0.0,0.0,0.0,0.0,0.0,0.0,0.0,0.0,0.0,0.0,0.0,0.0,0.0,0.0,0.0,0.0,0.0,0.0,0.0,0.0,0.0,0.0,0.9635021218878267,0.9635021218878267,0.75,0.14005707564917613,0.06158049487410823,rl_driven_mppi,ordinary_adaptive,0,1,path_offset_serpentine_holdout_l186,/home/mapples/projects/mobile-robot-mppi-study/configs/research/mujoco_path_offset_serpentine_holdout_l186.yaml,nominal_seen,seen,561,path_offset_serpentine_holdout_l186::nominal_seen::seed561,1,1,/home/mapples/projects/mobile-robot-mppi-study/results/research_platform/rl/path_conditioned_l185_seed20261901_60k_v2/checkpoints/step_000050000.pt,/home/mapples/projects/mobile-robot-mppi-study/results/research_platform/l57_icode_high_dynamic_h36_seed20261201_v1/best.pt|/home/mapples/projects/mobile-robot-mppi-study/results/research_platform/l57_icode_high_dynamic_h36_seed20261202_v1/best.pt|/home/mapples/projects/mobile-robot-mppi-study/results/research_platform/l57_icode_high_dynamic_h36_seed20261203_v1/best.pt,/home/mapples/projects/mobile-robot-mppi-study/results/research_platform/rl/path_aware_ordinary_reliability_continuous_l192/calibration_summary.json,100,2,path_tracking,1.26,0.3
196,True,goal_reached,19.600000000000016,False,0.24956235337199423,5.9517053343939725,0.06949386405160607,0.060987983305173625,0.14270725713590204,,0,,0.24341193134864897,0.11924486803334332,0.0702521381667848,1,0,0.07081615703280246,0,{},0.0,0.0,0.0,0.0,0.0,0,325.22315968912596,324.2790740041528,360.5632282451552,376.44699673837755,407.629884997732,1.0,1.0,0.0,0.0,0.0,0.0,0.0,0.0,0.0,0.0,0.0,0.0,100.0,196,1.0,5.777478042390283,1.0002384938624937,0.0,paper_rl_driven,0.0,100.0,50.0,15.0,5880,0.0,1.0,1.0,1.0,1.0,1.0,1.0,1.0,1.0,1.0,1.0,1.0,1.0,1.0,1.0,0.0,0.0,0.0,0.0,0.0,0.29999999999999993,0.29999999999999993,0.29999999999999993,0.3,0.29999999999999993,0.3,0.0,0.0,0.0,932,2988,0.0,0,0,0,0.3140283562821759,1.0,0.0,1.0,1.0,1.0,1.0,1.0,0.0,0.0,23.301704292876302,4.985964299229315,0.0,0.0,0.0,0.0,0.0,0.0,0,direct,0.0,0.0,0.0,0.0,0.0,0.0,none,online,0.0,1.0,1.0,False,1.0,1.0,1.0,0.0,0.0,0.0,0.0,0.0,1.0,0.0,0.0,0.0,1.0,0.0,0.0,0.0,0.0,0.0,0.0,0.0,0.0,0.0,0.0,0.0,0.0,0.0,0.0,0.0,0.0,0.0,0.0,0.0,0.0,0.0,0.0,0.0,0.0,0.0,0.0,0.0,0.0,0.0,0.0,0.0,0.0,0.0,0.0,0.0,0.9622324871938762,0.9622324871938762,0.75,0.13917071754623414,0.06949386405160608,traditional_mppi,ordinary_fixed,0,0,path_offset_serpentine_holdout_l186,/home/mapples/projects/mobile-robot-mppi-study/configs/research/mujoco_path_offset_serpentine_holdout_l186.yaml,nominal_seen,seen,561,path_offset_serpentine_holdout_l186::nominal_seen::seed561,2,2,/home/mapples/projects/mobile-robot-mppi-study/results/research_platform/rl/path_conditioned_l185_seed20261901_60k_v2/checkpoints/step_000050000.pt,/home/mapples/projects/mobile-robot-mppi-study/results/research_platform/l57_icode_high_dynamic_h36_seed20261201_v1/best.pt|/home/mapples/projects/mobile-robot-mppi-study/results/research_platform/l57_icode_high_dynamic_h36_seed20261202_v1/best.pt|/home/mapples/projects/mobile-robot-mppi-study/results/research_platform/l57_icode_high_dynamic_h36_seed20261203_v1/best.pt,/home/mapples/projects/mobile-robot-mppi-study/results/research_platform/rl/path_aware_ordinary_reliability_continuous_l192/calibration_summary.json,100,2,path_tracking,0.0,0.0
201,True,goal_reached,20.09999999999974,False,0.2466212459896708,5.930377179920606,0.07145428355166682,0.061230591401440514,0.1688186347139162,,0,,0.24222976651359854,0.11648628079313905,0.06877778364088571,4,0,0.06722394547805631,0,{},0.0,0.0,0.0,0.0,0.0,0,339.5452384233321,336.7770609911531,381.0221400053706,448.0428800015943,529.6798600029433,1.0,1.0,0.0,0.0,0.0,0.0,0.0,0.0,0.0,0.0,0.0,0.0,100.0,201,1.0,5.8475042918054,1.0000000064890098,0.0,paper_rl_driven,0.0,100.0,50.0,15.0,6030,0.0,1.0,1.0,1.0,1.0,1.0,1.0,1.0,1.0,1.0,1.0,1.0,1.0,1.0,1.0,0.0,0.0,0.0,0.0,0.0,0.29999999999999993,0.29999999999999993,0.29999999999999993,0.3,0.29999999999999993,0.3,0.0,0.0,0.0,884,3136,0.0,0,0,0,0.3145990915810903,1.0,0.0,1.0,1.0,1.0,1.0,1.0,0.0,0.0,24.441575205385366,4.799356521309692,0.0,0.0,0.0,0.0,0.0,0.0,0,direct,0.0,0.0,0.0,0.0,0.0,0.0,none,online,0.0,1.0,1.0,False,1.0,1.0,1.0,0.0,0.0,0.0,0.0,0.0,1.0,0.0,0.0,0.0,1.0,0.0,0.0,0.0,0.0,0.0,0.0,0.0,0.0,0.0,0.0,0.0,0.0,0.0,0.0,0.0,0.0,0.0,0.0,0.0,0.0,0.0,0.0,0.0,0.0,0.0,0.0,0.0,0.0,0.0,0.0,0.0,0.0,0.0,0.0,0.0,0.9626606697931851,0.9626606697931851,0.75,0.1446001852532674,0.07145428355166682,icode_mppi,value_fixed,1,0,path_offset_serpentine_holdout_l186,/home/mapples/projects/mobile-robot-mppi-study/configs/research/mujoco_path_offset_serpentine_holdout_l186.yaml,nominal_seen,seen,561,path_offset_serpentine_holdout_l186::nominal_seen::seed561,3,3,/home/mapples/projects/mobile-robot-mppi-study/results/research_platform/rl/path_conditioned_l185_seed20261901_60k_v2/checkpoints/step_000050000.pt,/home/mapples/projects/mobile-robot-mppi-study/results/research_platform/gate3_value_aligned_ensemble_member1_l192/best.pt|/home/mapples/projects/mobile-robot-mppi-study/results/research_platform/gate3_value_aligned_ensemble_member2_l192/best.pt|/home/mapples/projects/mobile-robot-mppi-study/results/research_platform/gate3_value_aligned_ensemble_member3_l192/best.pt,/home/mapples/projects/mobile-robot-mppi-study/results/research_platform/rl/path_aware_value_reliability_continuous_l192/calibration_summary.json,100,2,path_tracking,0.0,0.0
195,True,goal_reached,19.50000000000007,False,0.24045023874151383,5.9166938085245935,0.07671905809156619,0.06414881623681923,0.19000266671943258,,0,,0.23077663443007773,0.11820037771881658,0.07322158781804927,4,0,0.07692964649812578,0,{},0.0,0.0,0.0,0.0,0.0,0,363.43662935840445,362.38872399553657,414.22547700203717,442.42738664441276,450.1298020040849,1.0,1.0,0.0,0.0,0.0,0.0,0.0,0.0,0.0,0.0,0.0,0.0,100.0,195,1.0,5.886652869183962,1.0001420006584376,0.0,paper_rl_driven,0.0,100.0,50.0,15.0,5850,0.0,1.0,1.0,1.0,1.0,1.0,1.0,1.0,1.0,1.0,1.0,1.0,1.0,1.0,1.0,0.0,0.0,0.0,0.0,0.0,0.29999999999999993,0.29999999999999993,0.29999999999999993,0.3,0.29999999999999993,0.3,0.0,0.0,0.0,915,2985,0.0,0,0,0,0.31595813169395065,1.0,0.0,1.0,1.0,1.0,1.0,1.0,0.0,0.0,23.43578408191066,4.861520979080217,0.0,0.0,0.0,0.0,0.0,0.0,0,direct,0.0,0.0,0.0,0.0,0.0,0.0,none,online,0.0,1.0,1.0,False,1.0,1.0,1.0,0.0,0.0,0.0,0.0,0.0,1.0,0.0,0.0,0.0,1.0,0.0,0.0,0.0,0.0,0.0,0.0,0.0,0.0,0.0,0.0,0.0,0.0,0.0,0.0,0.0,0.0,0.0,0.0,0.0,0.0,0.0,0.0,0.0,0.0,0.0,0.0,0.0,0.0,0.0,0.0,0.0,0.0,0.0,0.0,0.0,0.9635340969040059,0.9635340969040059,0.75,0.14662110815034274,0.07671905809156619,traditional_mppi,ordinary_fixed,0,0,path_offset_serpentine_holdout_l186,/home/mapples/projects/mobile-robot-mppi-study/configs/research/mujoco_path_offset_serpentine_holdout_l186.yaml,nominal_seen,seen,562,path_offset_serpentine_holdout_l186::nominal_seen::seed562,0,4,/home/mapples/projects/mobile-robot-mppi-study/results/research_platform/rl/path_conditioned_l185_seed20261901_60k_v2/checkpoints/step_000050000.pt,/home/mapples/projects/mobile-robot-mppi-study/results/research_platform/l57_icode_high_dynamic_h36_seed20261201_v1/best.pt|/home/mapples/projects/mobile-robot-mppi-study/results/research_platform/l57_icode_high_dynamic_h36_seed20261202_v1/best.pt|/home/mapples/projects/mobile-robot-mppi-study/results/research_platform/l57_icode_high_dynamic_h36_seed20261203_v1/best.pt,/home/mapples/projects/mobile-robot-mppi-study/results/research_platform/rl/path_aware_ordinary_reliability_continuous_l192/calibration_summary.json,100,2,path_tracking,0.0,0.0
200,True,goal_reached,19.999999999999794,False,0.24348424644396205,5.92500461700443,0.07035939078100968,0.056977915809026794,0.19061868897027867,,0,,0.2347113493298879,0.11771808180032343,0.07504325311866065,4,0,0.0661837256926112,0,{},0.0,0.0,0.0,0.0,0.0,0,344.33598138442903,344.8617315007141,373.67496300648776,385.40335071927973,411.9093659974169,1.0,1.0,0.0,0.0,0.0,0.0,0.0,0.0,0.0,0.0,0.0,0.0,100.0,200,1.0,6.090047907160678,1.000000010947694,0.0,paper_rl_driven,0.0,100.0,50.0,15.0,6000,0.0,1.0,1.0,1.0,1.0,1.0,1.0,1.0,1.0,1.0,1.0,1.0,1.0,1.0,1.0,0.0,0.0,0.0,0.0,0.0,0.29999999999999993,0.29999999999999993,0.29999999999999993,0.3,0.29999999999999993,0.3,0.0,0.0,0.0,864,3136,0.0,0,0,0,0.31374504332470815,1.0,0.0,1.0,1.0,1.0,1.0,1.0,0.0,0.0,24.621947790901924,4.73381458668243,0.0,0.0,0.0,0.0,0.0,0.0,0,direct,0.0,0.0,0.0,0.0,0.0,0.0,none,online,0.0,1.0,1.0,False,1.0,1.0,1.0,0.0,0.0,0.0,0.0,0.0,1.0,0.0,0.0,0.0,1.0,0.0,0.0,0.0,0.0,0.0,0.0,0.0,0.0,0.0,0.0,0.0,0.0,0.0,0.0,0.0,0.0,0.0,0.0,0.0,0.0,0.0,0.0,0.0,0.0,0.0,0.0,0.0,0.0,0.0,0.0,0.0,0.0,0.0,0.0,0.0,0.9629623463045318,0.9629623463045318,0.75,0.1453446042172573,0.07035939078100968,icode_mppi,value_fixed,1,0,path_offset_serpentine_holdout_l186,/home/mapples/projects/mobile-robot-mppi-study/configs/research/mujoco_path_offset_serpentine_holdout_l186.yaml,nominal_seen,seen,562,path_offset_serpentine_holdout_l186::nominal_seen::seed562,1,5,/home/mapples/projects/mobile-robot-mppi-study/results/research_platform/rl/path_conditioned_l185_seed20261901_60k_v2/checkpoints/step_000050000.pt,/home/mapples/projects/mobile-robot-mppi-study/results/research_platform/gate3_value_aligned_ensemble_member1_l192/best.pt|/home/mapples/projects/mobile-robot-mppi-study/results/research_platform/gate3_value_aligned_ensemble_member2_l192/best.pt|/home/mapples/projects/mobile-robot-mppi-study/results/research_platform/gate3_value_aligned_ensemble_member3_l192/best.pt,/home/mapples/projects/mobile-robot-mppi-study/results/research_platform/rl/path_aware_value_reliability_continuous_l192/calibration_summary.json,100,2,path_tracking,0.0,0.0
194,True,goal_reached,19.400000000000126,False,0.24631693848016284,5.927738575747172,0.06864143948666052,0.054729604243456464,0.18655509579306656,,0,,0.24325509275524457,0.1135758879157898,0.07500060290465124,0,0,0.060397078375141224,0,{},0.0,0.0,0.0,0.0,0.0,0,301.65130608251854,332.21852849965217,381.48906020214775,407.32335531603866,454.6918449923396,0.8878496873377898,0.24282460291242725,0.0,0.0,0.0,0.0,0.0,0.0,0.0,0.0,0.0,0.0,100.0,194,1.0,5.974695090691445,1.000001385067053,0.0,paper_rl_driven,0.0,100.0,50.0,8.969072164948454,3480,1.0,0.23593631226283293,0.007217730122582809,0.6909035564683,0.9921103834179762,0.6595496459322252,1.0,0.8714798565992375,0.569843053817749,1.0,0.23844717063283175,0.007217730122582809,0.6909035564683,0.450175461255504,0.21564369708133094,0.07824970901230462,0.1455674194076256,0.8608247422680413,0.12886597938144329,0.010309278350515464,0.17938144329896905,0.17783505154639176,0.17783505154639176,0.0,0.04484536082474226,0.0,0.44329896907216493,0.0,1.0,380,3500,0.0,0,0,0,0.3147323821397947,1.0,0.0,1.0,1.0,1.0,1.0,1.0,0.0,0.0,23.893023627516477,4.566002091893389,0.0,0.0,0.0,0.0,0.0,0.0,0,direct,0.0,0.0,0.0,0.0,0.0,0.0,none,online,0.0,1.0,1.0,False,1.0,1.0,1.0,0.0,0.0,0.0,0.0,0.0,1.0,0.0,0.0,0.0,1.0,0.0,0.0,0.0,0.0,0.0,0.0,0.0,0.0,0.0,0.0,0.0,0.0,0.0,0.0,0.0,0.0,0.0,0.0,0.0,0.0,0.0,0.0,0.0,0.0,0.0,0.0,0.0,0.0,0.0,0.0,0.0,0.0,0.0,0.0,0.0,0.9625075090948928,0.9625075090948928,0.75,0.14365805904898582,0.06864143948666052,rl_driven_mppi,ordinary_adaptive,0,1,path_offset_serpentine_holdout_l186,/home/mapples/projects/mobile-robot-mppi-study/configs/research/mujoco_path_offset_serpentine_holdout_l186.yaml,nominal_seen,seen,562,path_offset_serpentine_holdout_l186::nominal_seen::seed562,2,6,/home/mapples/projects/mobile-robot-mppi-study/results/research_platform/rl/path_conditioned_l185_seed20261901_60k_v2/checkpoints/step_000050000.pt,/home/mapples/projects/mobile-robot-mppi-study/results/research_platform/l57_icode_high_dynamic_h36_seed20261201_v1/best.pt|/home/mapples/projects/mobile-robot-mppi-study/results/research_platform/l57_icode_high_dynamic_h36_seed20261202_v1/best.pt|/home/mapples/projects/mobile-robot-mppi-study/results/research_platform/l57_icode_high_dynamic_h36_seed20261203_v1/best.pt,/home/mapples/projects/mobile-robot-mppi-study/results/research_platform/rl/path_aware_ordinary_reliability_continuous_l192/calibration_summary.json,100,2,path_tracking,1.26,0.3
198,True,goal_reached,19.799999999999905,False,0.24853983039148503,5.929807925347688,0.07564726611326403,0.0632749504385258,0.18878506683175028,,0,,0.23077594599419599,0.11063837912716569,0.06758778514771813,0,0,0.07883648464675551,0,{},0.0,0.0,0.0,0.0,0.0,0,298.2762822827102,325.71455551078543,372.9648273503698,465.35383043650654,496.4711759967031,0.8854183429271866,0.19648144844970328,0.0,0.0,0.0,0.0,0.0,0.0,0.0,0.0,0.0,0.0,100.0,198,1.0,5.812594259801674,1.0000000003529794,0.0,paper_rl_driven,0.0,100.0,50.0,9.393939393939394,3720,1.0,0.2773686767431382,0.009613480709673508,0.6922787371510424,0.9918460210943578,0.7054069361908298,1.0,0.8851076767902182,0.6459840536117554,1.0,0.2800526412337028,0.009613480709673508,0.6922787371510424,0.48338749112591306,0.2616217196887768,0.08454504724666016,0.14848885682219018,0.8434343434343434,0.13636363636363635,0.020202020202020204,0.1878787878787879,0.1863636363636364,0.18636363636363637,0.0,0.05303030303030303,0.0,0.4494949494949495,0.0,1.0,436,3524,0.0,0,0,0,0.31300848158839073,1.0,0.0,1.0,1.0,1.0,1.0,1.0,0.0,0.0,23.96990241590551,4.84243173922629,0.0,0.0,0.0,0.0,0.0,0.0,0,direct,0.0,0.0,0.0,0.0,0.0,0.0,none,online,0.0,1.0,1.0,False,1.0,1.0,1.0,0.0,0.0,0.0,0.0,0.0,1.0,0.0,0.0,0.0,1.0,0.0,0.0,0.0,0.0,0.0,0.0,0.0,0.0,0.0,0.0,0.0,0.0,0.0,0.0,0.0,0.0,0.0,0.0,0.0,0.0,0.0,0.0,0.0,0.0,0.0,0.0,0.0,0.0,0.0,0.0,0.0,0.0,0.0,0.0,0.0,0.9623887621819234,0.9623887621819234,0.75,0.14743887880929266,0.07564726611326403,simple_combination,full_proposed,1,1,path_offset_serpentine_holdout_l186,/home/mapples/projects/mobile-robot-mppi-study/configs/research/mujoco_path_offset_serpentine_holdout_l186.yaml,nominal_seen,seen,562,path_offset_serpentine_holdout_l186::nominal_seen::seed562,3,7,/home/mapples/projects/mobile-robot-mppi-study/results/research_platform/rl/path_conditioned_l185_seed20261901_60k_v2/checkpoints/step_000050000.pt,/home/mapples/projects/mobile-robot-mppi-study/results/research_platform/gate3_value_aligned_ensemble_member1_l192/best.pt|/home/mapples/projects/mobile-robot-mppi-study/results/research_platform/gate3_value_aligned_ensemble_member2_l192/best.pt|/home/mapples/projects/mobile-robot-mppi-study/results/research_platform/gate3_value_aligned_ensemble_member3_l192/best.pt,/home/mapples/projects/mobile-robot-mppi-study/results/research_platform/rl/path_aware_value_reliability_continuous_l192/calibration_summary.json,100,2,path_tracking,1.26,0.3
197,True,goal_reached,19.69999999999996,False,0.24114018591532868,6.007407357781961,0.05869012579817756,0.052634551972894475,0.12062285238239394,,0,,0.24318244747157702,0.10774470058803826,0.066535464554924,0,0,0.0684031190225233,0,{},0.0,0.0,0.0,0.0,0.0,0,276.6152770661951,240.31045399897266,361.6714928037254,379.21829381084535,393.05632300965954,0.8849171142800402,0.24336384839312997,0.0,0.0,0.0,0.0,0.0,0.0,0.0,0.0,0.0,0.0,100.0,197,1.0,6.04732033519979,1.0000227781331779,0.0,paper_rl_driven,0.0,100.0,50.0,7.00507614213198,2760,1.0,0.2484176356493941,0.02666645052980764,0.4875,0.9990533564224042,0.8526087102818392,1.0,0.8846794212530107,0.6351613998413086,1.0,0.24872041841438366,0.02666645052980764,0.4875,0.41058509215802264,0.23012243020304565,0.0578997461928934,0.11696277495769884,0.9644670050761421,0.03553299492385787,0.0,0.14010152284263958,0.13857868020304567,0.1385786802030457,0.0,0.010659898477157358,0.0,0.4416243654822335,0.0,1.0,273,3667,0.0,0,0,0,0.3121155290018115,1.0,0.0,1.0,1.0,1.0,1.0,1.0,0.0,0.0,23.646003956085984,4.890672256768242,0.0,0.0,0.0,0.0,0.0,0.0,0,direct,0.0,0.0,0.0,0.0,0.0,0.0,none,online,0.0,1.0,1.0,False,1.0,1.0,1.0,0.0,0.0,0.0,0.0,0.0,1.0,0.0,0.0,0.0,1.0,0.0,0.0,0.0,0.0,0.0,0.0,0.0,0.0,0.0,0.0,0.0,0.0,0.0,0.0,0.0,0.0,0.0,0.0,0.0,0.0,0.0,0.0,0.0,0.0,0.0,0.0,0.0,0.0,0.0,0.0,0.0,0.0,0.0,0.0,0.0,0.963407872847406,0.963407872847406,0.75,0.13544523490140636,0.05869012579817756,simple_combination,full_proposed,1,1,path_offset_serpentine_holdout_l186,/home/mapples/projects/mobile-robot-mppi-study/configs/research/mujoco_path_offset_serpentine_holdout_l186.yaml,nominal_seen,seen,563,path_offset_serpentine_holdout_l186::nominal_seen::seed563,0,8,/home/mapples/projects/mobile-robot-mppi-study/results/research_platform/rl/path_conditioned_l185_seed20261901_60k_v2/checkpoints/step_000050000.pt,/home/mapples/projects/mobile-robot-mppi-study/results/research_platform/gate3_value_aligned_ensemble_member1_l192/best.pt|/home/mapples/projects/mobile-robot-mppi-study/results/research_platform/gate3_value_aligned_ensemble_member2_l192/best.pt|/home/mapples/projects/mobile-robot-mppi-study/results/research_platform/gate3_value_aligned_ensemble_member3_l192/best.pt,/home/mapples/projects/mobile-robot-mppi-study/results/research_platform/rl/path_aware_value_reliability_continuous_l192/calibration_summary.json,100,2,path_tracking,1.26,0.3
201,True,goal_reached,20.09999999999974,False,0.24374183395937365,5.972236810813083,0.07994218951155264,0.06881872384388234,0.1673007400596784,,0,,0.24559868800373297,0.10299935534884778,0.06567347378543167,4,0,0.0639612474996918,0,{},0.0,0.0,0.0,0.0,0.0,0,282.0006427909676,256.5933690057136,374.40926900308114,396.811415994307,401.97009198891465,0.8849028607804219,0.07506118762070346,0.0,0.0,0.0,0.0,0.0,0.0,0.0,0.0,0.0,0.0,100.0,201,1.0,6.05016581054587,1.0000083033993477,0.0,paper_rl_driven,0.0,100.0,50.0,7.2388059701492535,2910,1.0,0.2369881242400453,0.03491455817651929,0.4875,0.9879316909875446,0.5540945533008637,1.0,0.8927791563432608,0.601954460144043,1.0,0.24084815779229288,0.03491455817651929,0.4875,0.4217116308550128,0.2202202487562189,0.06141169154228856,0.12016307352128248,0.9800995024875622,0.01990049751243781,0.0,0.14477611940298507,0.14328358208955222,0.14328358208955222,0.0,0.005970149253731343,0.0,0.4577114427860697,0.0,1.0,298,3722,0.0,0,0,0,0.31530058625168433,1.0,0.0,1.0,1.0,1.0,1.0,1.0,0.0,0.0,22.876487892952504,5.102815201979556,0.0,0.0,0.0,0.0,0.0,0.0,0,direct,0.0,0.0,0.0,0.0,0.0,0.0,none,online,0.0,1.0,1.0,False,1.0,1.0,1.0,0.0,0.0,0.0,0.0,0.0,1.0,0.0,0.0,0.0,1.0,0.0,0.0,0.0,0.0,0.0,0.0,0.0,0.0,0.0,0.0,0.0,0.0,0.0,0.0,0.0,0.0,0.0,0.0,0.0,0.0,0.0,0.0,0.0,0.0,0.0,0.0,0.0,0.0,0.0,0.0,0.0,0.0,0.0,0.0,0.0,0.9632835742415025,0.9632835742415025,0.75,0.14753216784964746,0.07994218951155263,rl_driven_mppi,ordinary_adaptive,0,1,path_offset_serpentine_holdout_l186,/home/mapples/projects/mobile-robot-mppi-study/configs/research/mujoco_path_offset_serpentine_holdout_l186.yaml,nominal_seen,seen,563,path_offset_serpentine_holdout_l186::nominal_seen::seed563,1,9,/home/mapples/projects/mobile-robot-mppi-study/results/research_platform/rl/path_conditioned_l185_seed20261901_60k_v2/checkpoints/step_000050000.pt,/home/mapples/projects/mobile-robot-mppi-study/results/research_platform/l57_icode_high_dynamic_h36_seed20261201_v1/best.pt|/home/mapples/projects/mobile-robot-mppi-study/results/research_platform/l57_icode_high_dynamic_h36_seed20261202_v1/best.pt|/home/mapples/projects/mobile-robot-mppi-study/results/research_platform/l57_icode_high_dynamic_h36_seed20261203_v1/best.pt,/home/mapples/projects/mobile-robot-mppi-study/results/research_platform/rl/path_aware_ordinary_reliability_continuous_l192/calibration_summary.json,100,2,path_tracking,1.26,0.3
201,True,goal_reached,20.09999999999974,False,0.24300734735134208,5.954957470940849,0.06604877264941453,0.057196145851540786,0.16166905796142003,,0,,0.23105395345323684,0.1182634670151245,0.0688452731461651,4,0,0.06861658264251637,0,{},0.0,0.0,0.0,0.0,0.0,0,349.0493311249913,346.5206530090654,386.4936400059378,395.75013499415945,415.5300880083814,1.0,1.0,0.0,0.0,0.0,0.0,0.0,0.0,0.0,0.0,0.0,0.0,100.0,201,1.0,5.833766595479687,1.0000172078394165,0.0,paper_rl_driven,0.0,100.0,50.0,15.0,6030,0.0,1.0,1.0,1.0,1.0,1.0,1.0,1.0,1.0,1.0,1.0,1.0,1.0,1.0,1.0,0.0,0.0,0.0,0.0,0.0,0.29999999999999993,0.29999999999999993,0.29999999999999993,0.3,0.29999999999999993,0.3,0.0,0.0,0.0,922,3098,0.0,0,0,0,0.3148409995324399,1.0,0.0,1.0,1.0,1.0,1.0,1.0,0.0,0.0,24.393747971939728,4.663786587842846,0.0,0.0,0.0,0.0,0.0,0.0,0,direct,0.0,0.0,0.0,0.0,0.0,0.0,none,online,0.0,1.0,1.0,False,1.0,1.0,1.0,0.0,0.0,0.0,0.0,0.0,1.0,0.0,0.0,0.0,1.0,0.0,0.0,0.0,0.0,0.0,0.0,0.0,0.0,0.0,0.0,0.0,0.0,0.0,0.0,0.0,0.0,0.0,0.0,0.0,0.0,0.0,0.0,0.0,0.0,0.0,0.0,0.0,0.0,0.0,0.0,0.0,0.0,0.0,0.0,0.0,0.9630951749756878,0.9630951749756878,0.75,0.1408480679391719,0.06604877264941451,traditional_mppi,ordinary_fixed,0,0,path_offset_serpentine_holdout_l186,/home/mapples/projects/mobile-robot-mppi-study/configs/research/mujoco_path_offset_serpentine_holdout_l186.yaml,nominal_seen,seen,563,path_offset_serpentine_holdout_l186::nominal_seen::seed563,2,10,/home/mapples/projects/mobile-robot-mppi-study/results/research_platform/rl/path_conditioned_l185_seed20261901_60k_v2/checkpoints/step_000050000.pt,/home/mapples/projects/mobile-robot-mppi-study/results/research_platform/l57_icode_high_dynamic_h36_seed20261201_v1/best.pt|/home/mapples/projects/mobile-robot-mppi-study/results/research_platform/l57_icode_high_dynamic_h36_seed20261202_v1/best.pt|/home/mapples/projects/mobile-robot-mppi-study/results/research_platform/l57_icode_high_dynamic_h36_seed20261203_v1/best.pt,/home/mapples/projects/mobile-robot-mppi-study/results/research_platform/rl/path_aware_ordinary_reliability_continuous_l192/calibration_summary.json,100,2,path_tracking,0.0,0.0
202,True,goal_reached,20.199999999999683,False,0.2425701286871571,5.974441600550566,0.0728526188985165,0.06425622884390063,0.15646801242946157,,0,,0.24520334243847272,0.11588731535063834,0.06942898925350757,6,0,0.06150359401192953,0,{},0.0,0.0,0.0,0.0,0.0,0,342.40987357461023,340.46035850042244,371.7261471443635,404.56286449305486,411.05520600103773,1.0,1.0,0.0,0.0,0.0,0.0,0.0,0.0,0.0,0.0,0.0,0.0,100.0,202,1.0,5.721731889302782,1.0007103234886445,0.0,paper_rl_driven,0.0,100.0,50.0,15.0,6060,0.0,1.0,1.0,1.0,1.0,1.0,1.0,1.0,1.0,1.0,1.0,1.0,1.0,1.0,1.0,0.0,0.0,0.0,0.0,0.0,0.29999999999999993,0.29999999999999993,0.29999999999999993,0.3,0.29999999999999993,0.3,0.0,0.0,0.0,946,3094,0.0,0,0,0,0.3143809004530742,1.0,0.0,1.0,1.0,1.0,1.0,1.0,0.0,0.0,23.715119367213987,4.967452507987994,0.0,0.0,0.0,0.0,0.0,0.0,0,direct,0.0,0.0,0.0,0.0,0.0,0.0,none,online,0.0,1.0,1.0,False,1.0,1.0,1.0,0.0,0.0,0.0,0.0,0.0,1.0,0.0,0.0,0.0,1.0,0.0,0.0,0.0,0.0,0.0,0.0,0.0,0.0,0.0,0.0,0.0,0.0,0.0,0.0,0.0,0.0,0.0,0.0,0.0,0.0,0.0,0.0,0.0,0.0,0.0,0.0,0.0,0.0,0.0,0.0,0.0,0.0,0.0,0.0,0.0,0.9633284163875129,0.9633284163875129,0.75,0.14402443415917007,0.0728526188985165,icode_mppi,value_fixed,1,0,path_offset_serpentine_holdout_l186,/home/mapples/projects/mobile-robot-mppi-study/configs/research/mujoco_path_offset_serpentine_holdout_l186.yaml,nominal_seen,seen,563,path_offset_serpentine_holdout_l186::nominal_seen::seed563,3,11,/home/mapples/projects/mobile-robot-mppi-study/results/research_platform/rl/path_conditioned_l185_seed20261901_60k_v2/checkpoints/step_000050000.pt,/home/mapples/projects/mobile-robot-mppi-study/results/research_platform/gate3_value_aligned_ensemble_member1_l192/best.pt|/home/mapples/projects/mobile-robot-mppi-study/results/research_platform/gate3_value_aligned_ensemble_member2_l192/best.pt|/home/mapples/projects/mobile-robot-mppi-study/results/research_platform/gate3_value_aligned_ensemble_member3_l192/best.pt,/home/mapples/projects/mobile-robot-mppi-study/results/research_platform/rl/path_aware_value_reliability_continuous_l192/calibration_summary.json,100,2,path_tracking,0.0,0.0
199,True,goal_reached,19.89999999999985,False,0.24833848653019203,5.964145298379282,0.07105164454248399,0.05975845375651089,0.17258503486375476,,0,,0.24198860702376468,0.11250548210834468,0.07293769316627215,6,0,0.07076766416188525,0,{},0.0,0.0,0.0,0.0,0.0,0,300.66958727657584,331.5358079998987,374.6683396122535,388.1809921003878,393.0348959984258,0.8861277099381937,0.24727702531875395,0.0,0.0,0.0,0.0,0.0,0.0,0.0,0.0,0.0,0.0,100.0,199,1.0,6.048327528101027,1.0000000000000013,0.0,paper_rl_driven,0.0,100.0,50.0,9.346733668341708,3720,1.0,0.2462038153022441,0.008509629274443717,0.6637082568202,1.0,1.0,1.0,0.8877940144970189,0.6418402194976807,1.0,0.2462038153022441,0.008509629274443717,0.6637082568202,0.4879428219014362,0.22930177555959858,0.08919597989949749,0.1507537688442211,0.8391959798994975,0.16080402010050251,0.0,0.1869346733668342,0.18542713567839195,0.185427135678392,0.0,0.04824120603015075,0.0,0.457286432160804,0.0,1.0,444,3536,0.0,0,0,0,0.31292330105732863,1.0,0.0,1.0,1.0,1.0,1.0,1.0,0.0,0.0,24.153629498031112,4.871179104765696,0.0,0.0,0.0,0.0,0.0,0.0,0,direct,0.0,0.0,0.0,0.0,0.0,0.0,none,online,0.0,1.0,1.0,False,1.0,1.0,1.0,0.0,0.0,0.0,0.0,0.0,1.0,0.0,0.0,0.0,1.0,0.0,0.0,0.0,0.0,0.0,0.0,0.0,0.0,0.0,0.0,0.0,0.0,0.0,0.0,0.0,0.0,0.0,0.0,0.0,0.0,0.0,0.0,0.0,0.0,0.0,0.0,0.0,0.0,0.0,0.0,0.0,0.0,0.0,0.0,0.0,0.9624073458096025,0.9624073458096025,0.75,0.1399684246361075,0.07105164454248397,simple_combination,full_proposed,1,1,path_offset_serpentine_holdout_l186,/home/mapples/projects/mobile-robot-mppi-study/configs/research/mujoco_path_offset_serpentine_holdout_l186.yaml,nominal_seen,seen,564,path_offset_serpentine_holdout_l186::nominal_seen::seed564,0,12,/home/mapples/projects/mobile-robot-mppi-study/results/research_platform/rl/path_conditioned_l185_seed20261901_60k_v2/checkpoints/step_000050000.pt,/home/mapples/projects/mobile-robot-mppi-study/results/research_platform/gate3_value_aligned_ensemble_member1_l192/best.pt|/home/mapples/projects/mobile-robot-mppi-study/results/research_platform/gate3_value_aligned_ensemble_member2_l192/best.pt|/home/mapples/projects/mobile-robot-mppi-study/results/research_platform/gate3_value_aligned_ensemble_member3_l192/best.pt,/home/mapples/projects/mobile-robot-mppi-study/results/research_platform/rl/path_aware_value_reliability_continuous_l192/calibration_summary.json,100,2,path_tracking,1.26,0.3
197,True,goal_reached,19.69999999999996,False,0.24973084107590898,5.924592207701256,0.07061033822621338,0.061028095734344055,0.17130502182412485,,0,,0.23572381704701242,0.1094994293816431,0.06848267004423693,1,0,0.06953882132512214,0,{},0.0,0.0,0.0,0.0,0.0,0,346.44858368522034,344.53633399971295,379.3186234019231,409.12712744029704,424.66362900449894,1.0,1.0,0.0,0.0,0.0,0.0,0.0,0.0,0.0,0.0,0.0,0.0,100.0,197,1.0,5.983888307239474,1.0000049717622481,0.0,paper_rl_driven,0.0,100.0,50.0,15.0,5910,0.0,1.0,1.0,1.0,1.0,1.0,1.0,1.0,1.0,1.0,1.0,1.0,1.0,1.0,1.0,0.0,0.0,0.0,0.0,0.0,0.3,0.3,0.3,0.3,0.3,0.3,0.0,0.0,0.0,907,3033,0.0,0,0,0,0.31490404126456295,1.0,0.0,1.0,1.0,1.0,1.0,1.0,0.0,0.0,24.537820751113337,4.766664855872909,0.0,0.0,0.0,0.0,0.0,0.0,0,direct,0.0,0.0,0.0,0.0,0.0,0.0,none,online,0.0,1.0,1.0,False,1.0,1.0,1.0,0.0,0.0,0.0,0.0,0.0,1.0,0.0,0.0,0.0,1.0,0.0,0.0,0.0,0.0,0.0,0.0,0.0,0.0,0.0,0.0,0.0,0.0,0.0,0.0,0.0,0.0,0.0,0.0,0.0,0.0,0.0,0.0,0.0,0.0,0.0,0.0,0.0,0.0,0.0,0.0,0.0,0.0,0.0,0.0,0.0,0.9621534197705388,0.9621534197705388,0.75,0.14677250707353995,0.07061033822621336,icode_mppi,value_fixed,1,0,path_offset_serpentine_holdout_l186,/home/mapples/projects/mobile-robot-mppi-study/configs/research/mujoco_path_offset_serpentine_holdout_l186.yaml,nominal_seen,seen,564,path_offset_serpentine_holdout_l186::nominal_seen::seed564,1,13,/home/mapples/projects/mobile-robot-mppi-study/results/research_platform/rl/path_conditioned_l185_seed20261901_60k_v2/checkpoints/step_000050000.pt,/home/mapples/projects/mobile-robot-mppi-study/results/research_platform/gate3_value_aligned_ensemble_member1_l192/best.pt|/home/mapples/projects/mobile-robot-mppi-study/results/research_platform/gate3_value_aligned_ensemble_member2_l192/best.pt|/home/mapples/projects/mobile-robot-mppi-study/results/research_platform/gate3_value_aligned_ensemble_member3_l192/best.pt,/home/mapples/projects/mobile-robot-mppi-study/results/research_platform/rl/path_aware_value_reliability_continuous_l192/calibration_summary.json,100,2,path_tracking,0.0,0.0
207,True,goal_reached,20.699999999999406,False,0.2478638902666494,5.933929224670701,0.07220326236124688,0.06226048133734324,0.17815095763267835,,0,,0.24125004103373499,0.1118164773802661,0.06029914531130772,8,0,0.07369991821726203,0,{},0.0,0.0,0.0,0.0,0.0,0,331.24206555967334,328.3808830019552,359.897376599838,371.5382524122833,392.1237070026109,1.0,1.0,0.0,0.0,0.0,0.0,0.0,0.0,0.0,0.0,0.0,0.0,100.0,207,1.0,6.010383595320596,1.0000012594117567,0.0,paper_rl_driven,0.0,100.0,50.0,15.0,6210,0.0,1.0,1.0,1.0,1.0,1.0,1.0,1.0,1.0,1.0,1.0,1.0,1.0,1.0,1.0,0.0,0.0,0.0,0.0,0.0,0.2999999999999999,0.2999999999999999,0.2999999999999999,0.3,0.2999999999999999,0.3,0.0,0.0,0.0,942,3198,0.0,0,0,0,0.32011121575044454,1.0,0.0,1.0,1.0,1.0,1.0,1.0,0.0,0.0,23.944044856789965,4.870785163896314,0.0,0.0,0.0,0.0,0.0,0.0,0,direct,0.0,0.0,0.0,0.0,0.0,0.0,none,online,0.0,1.0,1.0,False,1.0,1.0,1.0,0.0,0.0,0.0,0.0,0.0,1.0,0.0,0.0,0.0,1.0,0.0,0.0,0.0,0.0,0.0,0.0,0.0,0.0,0.0,0.0,0.0,0.0,0.0,0.0,0.0,0.0,0.0,0.0,0.0,0.0,0.0,0.0,0.0,0.0,0.0,0.0,0.0,0.0,0.0,0.0,0.0,0.0,0.0,0.0,0.0,0.9624860914859419,0.9624860914859419,0.75,0.14851613713137551,0.07220326236124688,traditional_mppi,ordinary_fixed,0,0,path_offset_serpentine_holdout_l186,/home/mapples/projects/mobile-robot-mppi-study/configs/research/mujoco_path_offset_serpentine_holdout_l186.yaml,nominal_seen,seen,564,path_offset_serpentine_holdout_l186::nominal_seen::seed564,2,14,/home/mapples/projects/mobile-robot-mppi-study/results/research_platform/rl/path_conditioned_l185_seed20261901_60k_v2/checkpoints/step_000050000.pt,/home/mapples/projects/mobile-robot-mppi-study/results/research_platform/l57_icode_high_dynamic_h36_seed20261201_v1/best.pt|/home/mapples/projects/mobile-robot-mppi-study/results/research_platform/l57_icode_high_dynamic_h36_seed20261202_v1/best.pt|/home/mapples/projects/mobile-robot-mppi-study/results/research_platform/l57_icode_high_dynamic_h36_seed20261203_v1/best.pt,/home/mapples/projects/mobile-robot-mppi-study/results/research_platform/rl/path_aware_ordinary_reliability_continuous_l192/calibration_summary.json,100,2,path_tracking,0.0,0.0
206,True,goal_reached,20.59999999999946,False,0.24800910298538242,5.957113393072534,0.07329257042676408,0.06407677789200053,0.16373163696620435,,0,,0.23617718747203326,0.10244216236944458,0.06654787101952025,6,0,0.06827020256757707,0,{},0.0,0.0,0.0,0.0,0.0,0,274.2153117381623,305.9542219998548,353.79971149086487,371.8104190505982,379.6934580022935,0.8840749185318493,0.1655610723925962,0.0,0.0,0.0,0.0,0.0,0.0,0.0,0.0,0.0,0.0,100.0,206,1.0,5.914473443332722,1.0001350360148145,0.0,paper_rl_driven,0.0,100.0,50.0,7.572815533980583,3120,1.0,0.22597963654665823,0.019916128189232572,0.4875,0.9872884148356349,0.6129671956940781,1.0,0.8797376225295576,0.6175682544708252,1.0,0.2300249571088325,0.019916128189232572,0.4875,0.3991667990584328,0.2097590546116505,0.058859223300970875,0.12810140237324705,0.9757281553398058,0.024271844660194174,0.0,0.15145631067961166,0.15,0.15000000000000002,0.0,0.007281553398058253,0.0,0.47572815533980584,0.0,1.0,284,3836,0.0,0,0,0,0.31595326355308,1.0,0.0,1.0,1.0,1.0,1.0,1.0,0.0,0.0,23.109140081500577,4.990466883968837,0.0,0.0,0.0,0.0,0.0,0.0,0,direct,0.0,0.0,0.0,0.0,0.0,0.0,none,online,0.0,1.0,1.0,False,1.0,1.0,1.0,0.0,0.0,0.0,0.0,0.0,1.0,0.0,0.0,0.0,1.0,0.0,0.0,0.0,0.0,0.0,0.0,0.0,0.0,0.0,0.0,0.0,0.0,0.0,0.0,0.0,0.0,0.0,0.0,0.0,0.0,0.0,0.0,0.0,0.0,0.0,0.0,0.0,0.0,0.0,0.0,0.0,0.0,0.0,0.0,0.0,0.9625667849181062,0.9625667849181062,0.75,0.14680149326574918,0.0732925704267641,rl_driven_mppi,ordinary_adaptive,0,1,path_offset_serpentine_holdout_l186,/home/mapples/projects/mobile-robot-mppi-study/configs/research/mujoco_path_offset_serpentine_holdout_l186.yaml,nominal_seen,seen,564,path_offset_serpentine_holdout_l186::nominal_seen::seed564,3,15,/home/mapples/projects/mobile-robot-mppi-study/results/research_platform/rl/path_conditioned_l185_seed20261901_60k_v2/checkpoints/step_000050000.pt,/home/mapples/projects/mobile-robot-mppi-study/results/research_platform/l57_icode_high_dynamic_h36_seed20261201_v1/best.pt|/home/mapples/projects/mobile-robot-mppi-study/results/research_platform/l57_icode_high_dynamic_h36_seed20261202_v1/best.pt|/home/mapples/projects/mobile-robot-mppi-study/results/research_platform/l57_icode_high_dynamic_h36_seed20261203_v1/best.pt,/home/mapples/projects/mobile-robot-mppi-study/results/research_platform/rl/path_aware_ordinary_reliability_continuous_l192/calibration_summary.json,100,2,path_tracking,1.26,0.3
205,True,goal_reached,20.499999999999517,False,0.23989019397252992,5.996744948115531,0.0641464552981942,0.058171019075429035,0.12668805775820388,,0,,0.2405731329189094,0.10703088558934054,0.06520523087681337,6,0,0.072293780411134,0,{},0.0,0.0,0.0,0.0,0.0,0,290.2773609953484,320.5787969927769,369.4243637990439,391.16812088701414,503.5056130000157,0.8836002875098575,0.14607142790551242,0.0,0.0,0.0,0.0,0.0,0.0,0.0,0.0,0.0,0.0,100.0,205,1.0,6.107711079071739,1.0000001268881127,0.0,paper_rl_driven,0.0,100.0,50.0,9.439024390243903,3870,1.0,0.26917027299087665,0.01665555146938281,0.7049757561806657,1.0,1.0,1.0,0.8831796401884497,0.5849177837371826,1.0,0.26917027299087665,0.01665555146938281,0.7049757561806657,0.45170121322657475,0.24795027281148366,0.08306451612903225,0.15247773906310494,0.8390243902439024,0.15121951219512195,0.00975609756097561,0.18878048780487802,0.18731707317073168,0.1873170731707317,0.0,0.05121951219512194,0.0,0.4634146341463415,0.0,1.0,430,3670,0.0,0,0,0,0.3136904356970032,1.0,0.0,1.0,1.0,1.0,1.0,1.0,0.0,0.0,23.345627096266284,4.871553376654345,0.0,0.0,0.0,0.0,0.0,0.0,0,direct,0.0,0.0,0.0,0.0,0.0,0.0,none,online,0.0,1.0,1.0,False,1.0,1.0,1.0,0.0,0.0,0.0,0.0,0.0,1.0,0.0,0.0,0.0,1.0,0.0,0.0,0.0,0.0,0.0,0.0,0.0,0.0,0.0,0.0,0.0,0.0,0.0,0.0,0.0,0.0,0.0,0.0,0.0,0.0,0.0,0.0,0.0,0.0,0.0,0.0,0.0,0.0,0.0,0.0,0.0,0.0,0.0,0.0,0.0,0.9636950396963972,0.9636950396963972,0.75,0.13741874369737112,0.0641464552981942,rl_driven_mppi,ordinary_adaptive,0,1,path_offset_serpentine_holdout_l186,/home/mapples/projects/mobile-robot-mppi-study/configs/research/mujoco_path_offset_serpentine_holdout_l186.yaml,nominal_seen,seen,565,path_offset_serpentine_holdout_l186::nominal_seen::seed565,0,16,/home/mapples/projects/mobile-robot-mppi-study/results/research_platform/rl/path_conditioned_l185_seed20261901_60k_v2/checkpoints/step_000050000.pt,/home/mapples/projects/mobile-robot-mppi-study/results/research_platform/l57_icode_high_dynamic_h36_seed20261201_v1/best.pt|/home/mapples/projects/mobile-robot-mppi-study/results/research_platform/l57_icode_high_dynamic_h36_seed20261202_v1/best.pt|/home/mapples/projects/mobile-robot-mppi-study/results/research_platform/l57_icode_high_dynamic_h36_seed20261203_v1/best.pt,/home/mapples/projects/mobile-robot-mppi-study/results/research_platform/rl/path_aware_ordinary_reliability_continuous_l192/calibration_summary.json,100,2,path_tracking,1.26,0.3
201,True,goal_reached,20.09999999999974,False,0.24430847388924165,5.927217197745344,0.07154766413985843,0.062082406656221834,0.17072960673387433,,0,,0.2502603896940899,0.11607979858864606,0.06735591280638216,4,0,0.06574327909854184,0,{},0.0,0.0,0.0,0.0,0.0,0,347.626371357378,345.7113600015873,386.8662500026403,403.8565340015339,460.15505099785514,1.0,1.0,0.0,0.0,0.0,0.0,0.0,0.0,0.0,0.0,0.0,0.0,100.0,201,1.0,5.666923780164177,1.000003582187326,0.0,paper_rl_driven,0.0,100.0,50.0,15.0,6030,0.0,1.0,1.0,1.0,1.0,1.0,1.0,1.0,1.0,1.0,1.0,1.0,1.0,1.0,1.0,0.0,0.0,0.0,0.0,0.0,0.29999999999999993,0.29999999999999993,0.29999999999999993,0.3,0.29999999999999993,0.3,0.0,0.0,0.0,920,3100,0.0,0,0,0,0.31592255323855734,1.0,0.0,1.0,1.0,1.0,1.0,1.0,0.0,0.0,24.302752206170684,4.672571558165294,0.0,0.0,0.0,0.0,0.0,0.0,0,direct,0.0,0.0,0.0,0.0,0.0,0.0,none,online,0.0,1.0,1.0,False,1.0,1.0,1.0,0.0,0.0,0.0,0.0,0.0,1.0,0.0,0.0,0.0,1.0,0.0,0.0,0.0,0.0,0.0,0.0,0.0,0.0,0.0,0.0,0.0,0.0,0.0,0.0,0.0,0.0,0.0,0.0,0.0,0.0,0.0,0.0,0.0,0.0,0.0,0.0,0.0,0.0,0.0,0.0,0.0,0.0,0.0,0.0,0.0,0.9629362281815871,0.9629362281815871,0.75,0.14793498860278803,0.07154766413985843,traditional_mppi,ordinary_fixed,0,0,path_offset_serpentine_holdout_l186,/home/mapples/projects/mobile-robot-mppi-study/configs/research/mujoco_path_offset_serpentine_holdout_l186.yaml,nominal_seen,seen,565,path_offset_serpentine_holdout_l186::nominal_seen::seed565,1,17,/home/mapples/projects/mobile-robot-mppi-study/results/research_platform/rl/path_conditioned_l185_seed20261901_60k_v2/checkpoints/step_000050000.pt,/home/mapples/projects/mobile-robot-mppi-study/results/research_platform/l57_icode_high_dynamic_h36_seed20261201_v1/best.pt|/home/mapples/projects/mobile-robot-mppi-study/results/research_platform/l57_icode_high_dynamic_h36_seed20261202_v1/best.pt|/home/mapples/projects/mobile-robot-mppi-study/results/research_platform/l57_icode_high_dynamic_h36_seed20261203_v1/best.pt,/home/mapples/projects/mobile-robot-mppi-study/results/research_platform/rl/path_aware_ordinary_reliability_continuous_l192/calibration_summary.json,100,2,path_tracking,0.0,0.0
195,True,goal_reached,19.50000000000007,False,0.24238797741949586,5.924704127980903,0.07048473318973464,0.059442587187688106,0.1712011035164968,,0,,0.244095328903426,0.11785883087122628,0.07174287677236835,0,0,0.07505428021490054,0,{},0.0,0.0,0.0,0.0,0.0,0,492.05747423029374,499.3759049975779,548.8698675981141,595.1615461800247,598.7176659982651,1.0,1.0,0.0,0.0,0.0,0.0,0.0,0.0,0.0,0.0,0.0,0.0,100.0,195,1.0,5.597342058394152,1.0000002669739667,0.0,paper_rl_driven,0.0,100.0,50.0,15.0,5850,0.0,1.0,1.0,1.0,1.0,1.0,1.0,1.0,1.0,1.0,1.0,1.0,1.0,1.0,1.0,0.0,0.0,0.0,0.0,0.0,0.29999999999999993,0.29999999999999993,0.29999999999999993,0.3,0.29999999999999993,0.3,0.0,0.0,0.0,924,2976,0.0,0,0,0,0.312712161860385,1.0,0.0,1.0,1.0,1.0,1.0,1.0,0.0,0.0,23.41829858382218,4.861013460241114,0.0,0.0,0.0,0.0,0.0,0.0,0,direct,0.0,0.0,0.0,0.0,0.0,0.0,none,online,0.0,1.0,1.0,False,1.0,1.0,1.0,0.0,0.0,0.0,0.0,0.0,1.0,0.0,0.0,0.0,1.0,0.0,0.0,0.0,0.0,0.0,0.0,0.0,0.0,0.0,0.0,0.0,0.0,0.0,0.0,0.0,0.0,0.0,0.0,0.0,0.0,0.0,0.0,0.0,0.0,0.0,0.0,0.0,0.0,0.0,0.0,0.0,0.0,0.0,0.0,0.0,0.9631734519292848,0.9631734519292848,0.75,0.1463552848002309,0.07048473318973462,icode_mppi,value_fixed,1,0,path_offset_serpentine_holdout_l186,/home/mapples/projects/mobile-robot-mppi-study/configs/research/mujoco_path_offset_serpentine_holdout_l186.yaml,nominal_seen,seen,565,path_offset_serpentine_holdout_l186::nominal_seen::seed565,2,18,/home/mapples/projects/mobile-robot-mppi-study/results/research_platform/rl/path_conditioned_l185_seed20261901_60k_v2/checkpoints/step_000050000.pt,/home/mapples/projects/mobile-robot-mppi-study/results/research_platform/gate3_value_aligned_ensemble_member1_l192/best.pt|/home/mapples/projects/mobile-robot-mppi-study/results/research_platform/gate3_value_aligned_ensemble_member2_l192/best.pt|/home/mapples/projects/mobile-robot-mppi-study/results/research_platform/gate3_value_aligned_ensemble_member3_l192/best.pt,/home/mapples/projects/mobile-robot-mppi-study/results/research_platform/rl/path_aware_value_reliability_continuous_l192/calibration_summary.json,100,2,path_tracking,0.0,0.0
198,True,goal_reached,19.799999999999905,False,0.24960127625798162,5.928168836521753,0.06995563014030312,0.05953697104136957,0.16195299302555333,,0,,0.24593484129717622,0.11571985860517389,0.07117412266618432,0,0,0.07648567002662728,0,{},0.0,0.0,0.0,0.0,0.0,0,440.2928867628251,484.9253009961103,552.203001302405,584.0246120031226,697.4924209935125,0.8848654076223332,0.20013964499147385,0.0,0.0,0.0,0.0,0.0,0.0,0.0,0.0,0.0,0.0,100.0,198,1.0,5.8488899501525555,1.0000216065712817,0.0,paper_rl_driven,0.0,100.0,50.0,9.469696969696969,3750,1.0,0.2588835052839883,0.01579735776897133,0.6928500655000001,0.9795455333510453,0.5160751283907141,1.0,0.8841863798372673,0.6380999088287354,1.0,0.26545625059284367,0.01579735776897133,0.6928500655000001,0.4836340445375879,0.2445969969535264,0.08780343760182469,0.151314734648068,0.8333333333333334,0.15656565656565657,0.010101010101010102,0.1893939393939394,0.1878787878787879,0.18787878787878787,0.0,0.05303030303030303,0.0,0.4494949494949495,0.0,1.0,443,3517,0.0,0,0,0,0.3130568110702174,1.0,0.0,1.0,1.0,1.0,1.0,1.0,0.0,0.0,23.771119980362617,4.828183373882966,0.0,0.0,0.0,0.0,0.0,0.0,0,direct,0.0,0.0,0.0,0.0,0.0,0.0,none,online,0.0,1.0,1.0,False,1.0,1.0,1.0,0.0,0.0,0.0,0.0,0.0,1.0,0.0,0.0,0.0,1.0,0.0,0.0,0.0,0.0,0.0,0.0,0.0,0.0,0.0,0.0,0.0,0.0,0.0,0.0,0.0,0.0,0.0,0.0,0.0,0.0,0.0,0.0,0.0,0.0,0.0,0.0,0.0,0.0,0.0,0.0,0.0,0.0,0.0,0.0,0.0,0.962149009849788,0.962149009849788,0.75,0.1460926161862458,0.06995563014030312,simple_combination,full_proposed,1,1,path_offset_serpentine_holdout_l186,/home/mapples/projects/mobile-robot-mppi-study/configs/research/mujoco_path_offset_serpentine_holdout_l186.yaml,nominal_seen,seen,565,path_offset_serpentine_holdout_l186::nominal_seen::seed565,3,19,/home/mapples/projects/mobile-robot-mppi-study/results/research_platform/rl/path_conditioned_l185_seed20261901_60k_v2/checkpoints/step_000050000.pt,/home/mapples/projects/mobile-robot-mppi-study/results/research_platform/gate3_value_aligned_ensemble_member1_l192/best.pt|/home/mapples/projects/mobile-robot-mppi-study/results/research_platform/gate3_value_aligned_ensemble_member2_l192/best.pt|/home/mapples/projects/mobile-robot-mppi-study/results/research_platform/gate3_value_aligned_ensemble_member3_l192/best.pt,/home/mapples/projects/mobile-robot-mppi-study/results/research_platform/rl/path_aware_value_reliability_continuous_l192/calibration_summary.json,100,2,path_tracking,1.26,0.3
