arm,endpoint,mean_or_rate,median,n,q25,q75,sd,split
B00_strong_nominal_mppi,safe_success,0.7861111111111111,,360,,,,pooled
B00_strong_nominal_mppi,collision,0.21388888888888888,,360,,,,pooled
B00_strong_nominal_mppi,boundary_violation,0.0,,360,,,,pooled
B00_strong_nominal_mppi,failure_penalized_steps,323.18333333333334,300.0,360,296.0,328.75,41.4736181540207,pooled
B00_strong_nominal_mppi,final_goal_distance,0.9260414127948069,0.29311845059864383,360,0.28578661024922686,0.29902814987443616,1.42547003484776,pooled
B00_strong_nominal_mppi,path_progress_m_max,7.886594020758877,8.50952175678368,360,8.501489348441506,8.517161779245496,1.4240730017804095,pooled
B00_strong_nominal_mppi,minimum_clearance,0.228057529799887,0.31419686499655847,360,0.09116379090091628,0.31845566725587066,0.15001581216653512,pooled
B00_strong_nominal_mppi,conflict_q05_clearance,0.3052096124017039,0.3193630207416202,360,0.3120941436262374,0.3232189835417363,0.11439821224566073,pooled
B00_strong_nominal_mppi,trajectory_length,8.004163285794066,8.53014275967584,360,8.507841043051446,8.677898577485887,1.4483832208530423,pooled
B00_strong_nominal_mppi,applied_control_jerk,0.03737975232838541,0.03237763254461109,360,0.021785891582319836,0.0481523766116765,0.017649350552786127,pooled
B00_strong_nominal_mppi,stuck_steps,16.04722222222222,16.0,360,13.0,19.0,5.555041681588399,pooled
B00_strong_nominal_mppi,spin_steps,2.7555555555555555,2.0,360,0.0,4.0,2.9885989902430175,pooled
B00_strong_nominal_mppi,direction_switch_count,0.0,0.0,360,0.0,0.0,0.0,pooled
B00_strong_nominal_mppi,three_phase_oscillation_count,0.0,0.0,360,0.0,0.0,0.0,pooled
B00_strong_nominal_mppi,premature_reverse_count,0.0,0.0,360,0.0,0.0,0.0,pooled
B00_strong_nominal_mppi,release_delay_max_s,0.0,0.0,360,0.0,0.0,0.0,pooled
B00_strong_nominal_mppi,conflict_traversal_time_failure_penalized_s,21.679722222221788,11.299999999997787,360,5.799999999999573,40.0,16.488008808313545,pooled
B00_strong_nominal_mppi,zero_speed_risk_steps,0.0,0.0,360,0.0,0.0,0.0,pooled
B00_strong_nominal_mppi,planner_compute_ms_p95_health_only,9.925672013869189,9.852747499189718,360,9.704642501174021,10.092405000705185,0.3197292942815589,pooled
B00_strong_nominal_mppi,planner_deadline_miss_rate_health_only,0.0,0.0,360,0.0,0.0,0.0,pooled
B10_learning_only,safe_success,0.8361111111111111,,360,,,,pooled
B10_learning_only,collision,0.15833333333333333,,360,,,,pooled
B10_learning_only,boundary_violation,0.0,,360,,,,pooled
B10_learning_only,failure_penalized_steps,329.43888888888887,310.0,360,303.0,347.25,36.836862954106145,pooled
B10_learning_only,final_goal_distance,0.8301918215030449,0.29312691640476346,360,0.28797704563320514,0.29837400149105353,1.4079039399137663,pooled
B10_learning_only,path_progress_m_max,8.00245298357499,8.51049231269705,360,8.503278798318778,8.51900329952312,1.4167083774047426,pooled
B10_learning_only,minimum_clearance,0.24992512700760552,0.3234028545282301,360,0.15131940180253603,0.32744810402945357,0.14442583387562188,pooled
B10_learning_only,conflict_q05_clearance,0.33148346448545146,0.3283181562503404,360,0.3244766831007906,0.3411033496158953,0.13042327560278408,pooled
B10_learning_only,trajectory_length,8.404674673292737,8.613093222744448,360,8.537094222094588,9.090343734659502,1.572230032271362,pooled
B10_learning_only,applied_control_jerk,0.03418339270578699,0.03181034114132701,360,0.02322557347818429,0.0416842053285887,0.012428017559731368,pooled
B10_learning_only,stuck_steps,19.96388888888889,21.0,360,16.0,23.0,8.260813046436594,pooled
B10_learning_only,spin_steps,9.619444444444444,10.0,360,7.0,12.0,4.536102129772204,pooled
B10_learning_only,direction_switch_count,0.44166666666666665,0.0,360,0.0,1.0,0.6815822162796992,pooled
B10_learning_only,three_phase_oscillation_count,0.0,0.0,360,0.0,0.0,0.0,pooled
B10_learning_only,premature_reverse_count,0.2861111111111111,0.0,360,0.0,1.0,0.458684553536914,pooled
B10_learning_only,release_delay_max_s,0.0,0.0,360,0.0,0.0,0.0,pooled
B10_learning_only,conflict_traversal_time_failure_penalized_s,21.36611111111048,11.349999999997205,360,6.4999999999994955,40.0,16.06715421113702,pooled
B10_learning_only,zero_speed_risk_steps,0.0,0.0,360,0.0,0.0,0.0,pooled
B10_learning_only,planner_compute_ms_p95_health_only,464.12196594443895,467.8033599997434,360,466.5796299986596,469.2960687492359,18.866928290018706,pooled
B10_learning_only,planner_deadline_miss_rate_health_only,1.0,1.0,360,1.0,1.0,0.0,pooled
B01_probability_only,safe_success,0.5833333333333334,,360,,,,pooled
B01_probability_only,collision,0.10555555555555556,,360,,,,pooled
B01_probability_only,boundary_violation,0.0,,360,,,,pooled
B01_probability_only,failure_penalized_steps,385.73055555555555,388.0,360,379.0,400.0,17.207472617924644,pooled
B01_probability_only,final_goal_distance,0.9470260165965239,0.29870527130513247,360,0.29540617168764827,0.48686560626345454,1.6470915923325924,pooled
B01_probability_only,path_progress_m_max,7.972259632196986,8.551837439380998,360,8.360110759448691,8.560180241023797,1.5053677809177037,pooled
B01_probability_only,minimum_clearance,0.30691017676000876,0.3606016553461537,360,0.3510750748681606,0.3609860164787716,0.13283265604359723,pooled
B01_probability_only,conflict_q05_clearance,0.46844911306383497,0.3729181086461433,360,0.3691410529916106,0.42317148162784035,0.23993179575626647,pooled
B01_probability_only,trajectory_length,9.022712486567515,9.460247389606128,360,9.169841301783075,9.53965029382703,1.5276684698821705,pooled
B01_probability_only,applied_control_jerk,0.07230369856815852,0.06600042925249613,360,0.06186655978721862,0.07736963283286226,0.01617389862944482,pooled
B01_probability_only,stuck_steps,32.05555555555556,25.5,360,18.0,41.0,19.385180056389263,pooled
B01_probability_only,spin_steps,2.422222222222222,0.0,360,0.0,1.0,7.023601719943704,pooled
B01_probability_only,direction_switch_count,1.3972222222222221,1.0,360,1.0,2.0,1.0663205972960894,pooled
B01_probability_only,three_phase_oscillation_count,0.027777777777777776,0.0,360,0.0,0.0,0.19550821013203323,pooled
B01_probability_only,premature_reverse_count,0.027777777777777776,0.0,360,0.0,0.0,0.16456426996068801,pooled
B01_probability_only,release_delay_max_s,0.704722222222152,0.3999999999997783,360,0.19999999999999718,0.8000000000000007,0.8820114581557102,pooled
B01_probability_only,conflict_traversal_time_failure_penalized_s,21.76472222222167,11.29999999999946,360,6.4999999999994955,40.0,16.155451486603766,pooled
B01_probability_only,zero_speed_risk_steps,17.830555555555556,12.0,360,10.0,23.25,14.450632884993283,pooled
B01_probability_only,planner_compute_ms_p95_health_only,33.669901930655016,32.93066749947684,360,32.41131499889889,34.71860500212642,2.090470150039666,pooled
B01_probability_only,planner_deadline_miss_rate_health_only,0.0,0.0,360,0.0,0.0,0.0,pooled
B11_full_proposed,safe_success,0.7916666666666666,,360,,,,pooled
B11_full_proposed,collision,0.1361111111111111,,360,,,,pooled
B11_full_proposed,boundary_violation,0.0,,360,,,,pooled
B11_full_proposed,failure_penalized_steps,339.74444444444447,323.5,360,303.0,382.25,40.28777017749111,pooled
B11_full_proposed,final_goal_distance,0.8405917667364144,0.2943756117349381,360,0.288446575725706,0.2992392892335981,1.471750303352182,pooled
B11_full_proposed,path_progress_m_max,8.019645729953908,8.508247116712262,360,8.502326687151408,8.51498460089455,1.36192509864176,pooled
B11_full_proposed,minimum_clearance,0.28462360672433346,0.351053526738759,360,0.2930895643728518,0.36082659997349376,0.14270048515323544,pooled
B11_full_proposed,conflict_q05_clearance,0.40860413282567626,0.3692248636403168,360,0.3548862211507007,0.4160101965723133,0.15803392374028166,pooled
B11_full_proposed,trajectory_length,8.727670555488826,8.852135501983863,360,8.759640419665896,9.314153384476842,1.377936591635526,pooled
B11_full_proposed,applied_control_jerk,0.04066188192884112,0.039089157388504284,360,0.026519195101049477,0.05102586093219463,0.01646040441480116,pooled
B11_full_proposed,stuck_steps,20.355555555555554,15.5,360,10.0,27.0,13.99746185596379,pooled
B11_full_proposed,spin_steps,3.3444444444444446,0.0,360,0.0,3.0,7.152397749172272,pooled
B11_full_proposed,direction_switch_count,1.663888888888889,1.0,360,1.0,2.0,1.2582104233847702,pooled
B11_full_proposed,three_phase_oscillation_count,0.07777777777777778,0.0,360,0.0,0.0,0.3871984304906661,pooled
B11_full_proposed,premature_reverse_count,0.016666666666666666,0.0,360,0.0,0.0,0.1281972713827098,pooled
B11_full_proposed,release_delay_max_s,0.7774999999998539,0.39999999999997793,360,0.2000000000000668,0.8000000000000007,0.9948442999070953,pooled
B11_full_proposed,conflict_traversal_time_failure_penalized_s,21.52916666666605,10.5999999999976,360,6.1999999999995286,40.0,16.26234125322133,pooled
B11_full_proposed,zero_speed_risk_steps,16.28611111111111,12.0,360,10.0,19.0,11.656591683730422,pooled
B11_full_proposed,planner_compute_ms_p95_health_only,479.2708451390122,482.67993000008573,360,481.1942525010181,484.5304649976242,19.566371372101905,pooled
B11_full_proposed,planner_deadline_miss_rate_health_only,1.0,1.0,360,1.0,1.0,0.0,pooled
B00_strong_nominal_mppi,safe_success,0.7833333333333333,,180,,,,id
B00_strong_nominal_mppi,collision,0.21666666666666667,,180,,,,id
B00_strong_nominal_mppi,boundary_violation,0.0,,180,,,,id
B00_strong_nominal_mppi,failure_penalized_steps,323.8388888888889,300.0,180,296.0,336.0,41.6975226531095,id
B00_strong_nominal_mppi,final_goal_distance,0.8996318555837038,0.292877577361872,180,0.28578997919131255,0.29953844966365545,1.3449255150858037,id
B00_strong_nominal_mppi,path_progress_m_max,7.917225381917936,8.50942967604646,180,8.500653839750065,8.516676302641278,1.3432506422376675,id
B00_strong_nominal_mppi,minimum_clearance,0.23366808446542037,0.31547016544584494,180,0.0611452986335399,0.3190173220920183,0.15279930789108118,id
B00_strong_nominal_mppi,conflict_q05_clearance,0.3126313490661615,0.31971721494596483,180,0.3131667035132768,0.32437621670722233,0.12143389705623416,id
B00_strong_nominal_mppi,trajectory_length,8.035329605001218,8.530821628299364,180,8.510175010891482,8.670107601984123,1.3651022745297774,id
B00_strong_nominal_mppi,applied_control_jerk,0.037024707787367016,0.03001337987489335,180,0.022783600689127114,0.04844009932993772,0.017266392709851686,id
B00_strong_nominal_mppi,stuck_steps,16.58888888888889,17.0,180,14.0,19.0,6.168752478291161,id
B00_strong_nominal_mppi,spin_steps,3.061111111111111,2.0,180,0.75,5.0,3.371195582043531,id
B00_strong_nominal_mppi,direction_switch_count,0.0,0.0,180,0.0,0.0,0.0,id
B00_strong_nominal_mppi,three_phase_oscillation_count,0.0,0.0,180,0.0,0.0,0.0,id
B00_strong_nominal_mppi,premature_reverse_count,0.0,0.0,180,0.0,0.0,0.0,id
B00_strong_nominal_mppi,release_delay_max_s,0.0,0.0,180,0.0,0.0,0.0,id
B00_strong_nominal_mppi,conflict_traversal_time_failure_penalized_s,20.796111111110722,8.949999999997782,180,6.09999999999954,40.0,16.417926446857127,id
B00_strong_nominal_mppi,zero_speed_risk_steps,0.0,0.0,180,0.0,0.0,0.0,id
B00_strong_nominal_mppi,planner_compute_ms_p95_health_only,9.92499272219397,9.839862499302399,180,9.702074999313481,10.040981250085679,0.34198331315769315,id
B00_strong_nominal_mppi,planner_deadline_miss_rate_health_only,0.0,0.0,180,0.0,0.0,0.0,id
B10_learning_only,safe_success,0.8388888888888889,,180,,,,id
B10_learning_only,collision,0.15,,180,,,,id
B10_learning_only,boundary_violation,0.0,,180,,,,id
B10_learning_only,failure_penalized_steps,330.0833333333333,310.0,180,304.0,349.0,36.68907179020499,id
B10_learning_only,final_goal_distance,0.8059542079047853,0.2932611784013125,180,0.28811589511523705,0.2984609913191467,1.386751217499957,id
B10_learning_only,path_progress_m_max,8.034924277528365,8.510697653828316,180,8.502903218726066,8.51920263133075,1.400093414666061,id
B10_learning_only,minimum_clearance,0.26432115999514977,0.3240810135897414,180,0.23509831273372567,0.32810473325190165,0.14193909487031964,id
B10_learning_only,conflict_q05_clearance,0.34503949292986597,0.3280094864204129,180,0.32551275619296216,0.34550626469429147,0.14221054023024257,id
B10_learning_only,trajectory_length,8.441099730295004,8.615140316265606,180,8.537205982438213,9.12748277341798,1.5657422940954309,id
B10_learning_only,applied_control_jerk,0.03386843019460594,0.030711977108694277,180,0.022951830144943938,0.04161579184170818,0.012294088271920188,id
B10_learning_only,stuck_steps,20.155555555555555,21.0,180,14.75,24.0,8.3061680132258,id
B10_learning_only,spin_steps,10.11111111111111,10.0,180,7.0,13.0,5.132750456641662,id
B10_learning_only,direction_switch_count,0.55,0.0,180,0.0,1.0,0.749487720763602,id
B10_learning_only,three_phase_oscillation_count,0.0,0.0,180,0.0,0.0,0.0,id
B10_learning_only,premature_reverse_count,0.3388888888888889,0.0,180,0.0,1.0,0.48627978806247757,id
B10_learning_only,release_delay_max_s,0.0,0.0,180,0.0,0.0,0.0,id
B10_learning_only,conflict_traversal_time_failure_penalized_s,20.46055555555497,9.29999999999741,180,6.6999999999994735,40.0,15.976894969736904,id
B10_learning_only,zero_speed_risk_steps,0.0,0.0,180,0.0,0.0,0.0,id
B10_learning_only,planner_compute_ms_p95_health_only,464.13564808329585,467.77071750111645,180,466.5290649984854,469.3230074993153,17.943703459517955,id
B10_learning_only,planner_deadline_miss_rate_health_only,1.0,1.0,180,1.0,1.0,0.0,id
B01_probability_only,safe_success,0.5833333333333334,,180,,,,id
B01_probability_only,collision,0.1,,180,,,,id
B01_probability_only,boundary_violation,0.0,,180,,,,id
B01_probability_only,failure_penalized_steps,386.0833333333333,388.5,180,379.0,400.0,16.89529867502897,id
B01_probability_only,final_goal_distance,0.917635173809148,0.29888740979358885,180,0.2952838897634155,0.4853861767575568,1.6044634679439678,id
B01_probability_only,path_progress_m_max,8.015053455364098,8.553261181965386,180,8.360110759448691,8.559897317239825,1.4233762909631604,id
B01_probability_only,minimum_clearance,0.3102583190672687,0.36060517702665223,180,0.35113022451994946,0.3609582248823912,0.1298547924023172,id
B01_probability_only,conflict_q05_clearance,0.4701514443721097,0.370134194170192,180,0.36918652002888774,0.41851636371236306,0.22531004126737483,id
B01_probability_only,trajectory_length,9.063843330244787,9.463153826349567,180,9.164348555412275,9.526389203947073,1.4340238455141188,id
B01_probability_only,applied_control_jerk,0.07145409950563274,0.06554690245635625,180,0.06184695808348344,0.07727682922364791,0.014801079490193225,id
B01_probability_only,stuck_steps,32.75,26.0,180,18.0,41.0,19.69512743530078,id
B01_probability_only,spin_steps,1.6888888888888889,0.0,180,0.0,0.25,5.185162424944874,id
B01_probability_only,direction_switch_count,1.3777777777777778,1.0,180,1.0,2.0,1.047239283993476,id
B01_probability_only,three_phase_oscillation_count,0.03333333333333333,0.0,180,0.0,0.0,0.23398419466270645,id
B01_probability_only,premature_reverse_count,0.03333333333333333,0.0,180,0.0,0.0,0.18000620721761654,id
B01_probability_only,release_delay_max_s,0.8127777777776864,0.39999999999995595,180,0.19999999999998885,0.8999999999996233,1.0586188195425466,id
B01_probability_only,conflict_traversal_time_failure_penalized_s,21.80555555555507,9.399999999997512,180,6.6999999999994735,40.0,16.200612865924075,id
B01_probability_only,zero_speed_risk_steps,19.433333333333334,13.0,180,10.0,25.0,15.429819493725082,id
B01_probability_only,planner_compute_ms_p95_health_only,33.51939852775811,32.87377499764261,180,32.42943999907766,34.25598000117134,1.8513104153578979,id
B01_probability_only,planner_deadline_miss_rate_health_only,0.0,0.0,180,0.0,0.0,0.0,id
B11_full_proposed,safe_success,0.7944444444444444,,180,,,,id
B11_full_proposed,collision,0.12777777777777777,,180,,,,id
B11_full_proposed,boundary_violation,0.0,,180,,,,id
B11_full_proposed,failure_penalized_steps,337.7888888888889,318.5,180,303.0,382.25,40.598179347802045,id
B11_full_proposed,final_goal_distance,0.8020087263713731,0.2943545376305511,180,0.2887459750676766,0.29859188164990047,1.4148998184540733,id
B11_full_proposed,path_progress_m_max,8.066121523327707,8.50784424081969,180,8.502654986322124,8.51517504723233,1.292157190370702,id
B11_full_proposed,minimum_clearance,0.29420315826745197,0.3511202312251284,180,0.3334930857526694,0.360955006567402,0.13771297789323253,id
B11_full_proposed,conflict_q05_clearance,0.41478328782919616,0.3693580477474635,180,0.355061057605367,0.4165908156601654,0.15754345105852155,id
B11_full_proposed,trajectory_length,8.73080940873631,8.847615599762843,180,8.759325176235377,9.231596482903552,1.2839964907034085,id
B11_full_proposed,applied_control_jerk,0.039984471066054954,0.03539004845564668,180,0.026519195101049477,0.050068626872595584,0.01624307776369677,id
B11_full_proposed,stuck_steps,20.505555555555556,15.0,180,10.0,27.0,15.011167992335007,id
B11_full_proposed,spin_steps,3.077777777777778,0.0,180,0.0,2.0,7.238518595591316,id
B11_full_proposed,direction_switch_count,1.5722222222222222,1.0,180,1.0,2.0,1.1913588108807482,id
B11_full_proposed,three_phase_oscillation_count,0.07222222222222222,0.0,180,0.0,0.0,0.3510647102577105,id
B11_full_proposed,premature_reverse_count,0.011111111111111112,0.0,180,0.0,0.0,0.10511440369749678,id
B11_full_proposed,release_delay_max_s,0.7866666666665821,0.44999999999997264,180,0.29999999999996696,0.8999999999996038,0.9762200502916877,id
B11_full_proposed,conflict_traversal_time_failure_penalized_s,20.944999999999425,8.950000000001378,180,6.474999999999499,40.0,16.209202417662997,id
B11_full_proposed,zero_speed_risk_steps,17.522222222222222,13.0,180,10.0,20.25,13.072832315715315,id
B11_full_proposed,planner_compute_ms_p95_health_only,479.77074908347277,482.93261249982606,180,481.19021000011344,484.648165001272,18.942302014548588,id
B11_full_proposed,planner_deadline_miss_rate_health_only,1.0,1.0,180,1.0,1.0,0.0,id
B00_strong_nominal_mppi,safe_success,0.7888888888888889,,180,,,,ood
B00_strong_nominal_mppi,collision,0.2111111111111111,,180,,,,ood
B00_strong_nominal_mppi,boundary_violation,0.0,,180,,,,ood
B00_strong_nominal_mppi,failure_penalized_steps,322.52777777777777,300.0,180,295.0,322.25,41.35436593186164,ood
B00_strong_nominal_mppi,final_goal_distance,0.9524509700059102,0.2939408708887709,180,0.28574575009336045,0.2988762236281501,1.5050096464193479,ood
B00_strong_nominal_mppi,path_progress_m_max,7.85596265959982,8.509732307255344,180,8.501857376269475,8.517214892342627,1.5036914629840634,ood
B00_strong_nominal_mppi,minimum_clearance,0.22244697513435366,0.31383970813746753,180,0.09510940194733891,0.3176900356974305,0.14739157294028188,ood
B00_strong_nominal_mppi,conflict_q05_clearance,0.29778787573724624,0.3189634023055036,180,0.2791875271489933,0.3226351535639317,0.10672414084974845,ood
B00_strong_nominal_mppi,trajectory_length,7.972996966586912,8.527605217825595,180,8.507436997143875,8.677898577485887,1.530323425992266,ood
B00_strong_nominal_mppi,applied_control_jerk,0.03773479686940381,0.034260460845976906,180,0.021277884524549515,0.04770393635496109,0.01806536830630172,ood
B00_strong_nominal_mppi,stuck_steps,15.505555555555556,16.0,180,13.0,18.0,4.8213876653140755,ood
B00_strong_nominal_mppi,spin_steps,2.45,2.0,180,0.0,3.25,2.522025877174869,ood
B00_strong_nominal_mppi,direction_switch_count,0.0,0.0,180,0.0,0.0,0.0,ood
B00_strong_nominal_mppi,three_phase_oscillation_count,0.0,0.0,180,0.0,0.0,0.0,ood
B00_strong_nominal_mppi,premature_reverse_count,0.0,0.0,180,0.0,0.0,0.0,ood
B00_strong_nominal_mppi,release_delay_max_s,0.0,0.0,180,0.0,0.0,0.0,ood
B00_strong_nominal_mppi,conflict_traversal_time_failure_penalized_s,22.563333333332853,15.099999999998037,180,5.699999999999584,40.0,16.55623867628625,ood
B00_strong_nominal_mppi,zero_speed_risk_steps,0.0,0.0,180,0.0,0.0,0.0,ood
B00_strong_nominal_mppi,planner_compute_ms_p95_health_only,9.926351305544408,9.855225000592327,180,9.715399999913643,10.111778748387223,0.29676797047071074,ood
B00_strong_nominal_mppi,planner_deadline_miss_rate_health_only,0.0,0.0,180,0.0,0.0,0.0,ood
B10_learning_only,safe_success,0.8333333333333334,,180,,,,ood
B10_learning_only,collision,0.16666666666666666,,180,,,,ood
B10_learning_only,boundary_violation,0.0,,180,,,,ood
B10_learning_only,failure_penalized_steps,328.7944444444444,309.0,180,302.0,345.25,37.075145979622306,ood
B10_learning_only,final_goal_distance,0.8544294351013045,0.29306550268101217,180,0.2878011866577977,0.2982955042950187,1.4322012037043055,ood
B10_learning_only,path_progress_m_max,7.969981689621614,8.51049231269705,180,8.503378056705113,8.518851423912615,1.4362993326946756,ood
B10_learning_only,minimum_clearance,0.2355290940200613,0.32178746454367324,180,0.13806493119382585,0.326802879706642,0.1458446397061775,ood
B10_learning_only,conflict_q05_clearance,0.3179274360410369,0.3284480176413803,180,0.3237642587745574,0.33943188982790806,0.11628442734546714,ood
B10_learning_only,trajectory_length,8.368249616290473,8.612968543219363,180,8.536710300571535,9.068210184097563,1.582215775775324,ood
B10_learning_only,applied_control_jerk,0.03449835521696804,0.032959251950473265,180,0.023485366780077756,0.04181039816416385,0.012586898104427046,ood
B10_learning_only,stuck_steps,19.772222222222222,20.0,180,16.0,22.25,8.23389272747393,ood
B10_learning_only,spin_steps,9.127777777777778,9.0,180,7.0,12.0,3.799486227478592,ood
B10_learning_only,direction_switch_count,0.3333333333333333,0.0,180,0.0,1.0,0.5885309805641491,ood
B10_learning_only,three_phase_oscillation_count,0.0,0.0,180,0.0,0.0,0.0,ood
B10_learning_only,premature_reverse_count,0.23333333333333334,0.0,180,0.0,0.0,0.4241323710310551,ood
B10_learning_only,release_delay_max_s,0.0,0.0,180,0.0,0.0,0.0,ood
B10_learning_only,conflict_traversal_time_failure_penalized_s,22.271666666665993,13.899999999999768,180,6.2999999999995175,40.0,16.15050122888292,ood
B10_learning_only,zero_speed_risk_steps,0.0,0.0,180,0.0,0.0,0.0,ood
B10_learning_only,planner_compute_ms_p95_health_only,464.10828380558183,467.84725249972325,180,466.60298124984365,469.26130999936504,19.797315593508124,ood
B10_learning_only,planner_deadline_miss_rate_health_only,1.0,1.0,180,1.0,1.0,0.0,ood
B01_probability_only,safe_success,0.5833333333333334,,180,,,,ood
B01_probability_only,collision,0.1111111111111111,,180,,,,ood
B01_probability_only,boundary_violation,0.0,,180,,,,ood
B01_probability_only,failure_penalized_steps,385.3777777777778,388.0,180,378.0,400.0,17.554116025808536,ood
B01_probability_only,final_goal_distance,0.9764168593838994,0.29855421860560116,180,0.29541254940647355,0.48970954799504407,1.692612489010593,ood
B01_probability_only,path_progress_m_max,7.92946580902987,8.546697752566143,180,8.36331051553767,8.56091656988005,1.5859511713702388,ood
B01_probability_only,minimum_clearance,0.3035620344527488,0.36059944408400885,180,0.3488064830796035,0.36101528465034893,0.13602495820348992,ood
B01_probability_only,conflict_q05_clearance,0.4667467817555602,0.3757934093571319,180,0.3690957464263259,0.4253329227786245,0.2543338261660795,ood
B01_probability_only,trajectory_length,8.981581642890243,9.457227520145528,180,9.181410129375823,9.561629057809798,1.6188739759482782,ood
B01_probability_only,applied_control_jerk,0.07315329763068427,0.06675997460134021,180,0.06186655978721862,0.07736963283286226,0.017439259218603138,ood
B01_probability_only,stuck_steps,31.36111111111111,24.0,180,18.0,40.0,19.099786154843976,ood
B01_probability_only,spin_steps,3.1555555555555554,0.0,180,0.0,1.0,8.4243742019939,ood
B01_probability_only,direction_switch_count,1.4166666666666667,1.0,180,1.0,2.0,1.087640057121265,ood
B01_probability_only,three_phase_oscillation_count,0.022222222222222223,0.0,180,0.0,0.0,0.14781672010850969,ood
B01_probability_only,premature_reverse_count,0.022222222222222223,0.0,180,0.0,0.0,0.14781672010850969,ood
B01_probability_only,release_delay_max_s,0.5966666666666175,0.2999999999999945,180,0.19999999999999996,0.8000000000000005,0.645041248518613,ood
B01_probability_only,conflict_traversal_time_failure_penalized_s,21.723888888888272,13.749999999998897,180,6.2999999999995175,40.0,16.15525015891419,ood
B01_probability_only,zero_speed_risk_steps,16.227777777777778,11.0,180,9.0,20.25,13.24999443683052,ood
B01_probability_only,planner_compute_ms_p95_health_only,33.82040533355192,33.05362499795592,180,32.39294874974803,34.85231874960846,2.300356229027184,ood
B01_probability_only,planner_deadline_miss_rate_health_only,0.0,0.0,180,0.0,0.0,0.0,ood
B11_full_proposed,safe_success,0.7888888888888889,,180,,,,ood
B11_full_proposed,collision,0.14444444444444443,,180,,,,ood
B11_full_proposed,boundary_violation,0.0,,180,,,,ood
B11_full_proposed,failure_penalized_steps,341.7,332.5,180,303.0,382.25,39.99216403694031,ood
B11_full_proposed,final_goal_distance,0.8791748071014556,0.2945194538367964,180,0.2883595174324399,0.29938029193400495,1.5294650410344617,ood
B11_full_proposed,path_progress_m_max,7.973169936580108,8.5087068565616,180,8.502055072234455,8.514165829203403,1.4303942972749726,ood
B11_full_proposed,minimum_clearance,0.27504405518121494,0.350856384813154,180,0.22489210080102792,0.3607825921919336,0.14727930561260455,ood
B11_full_proposed,conflict_q05_clearance,0.4024249778221564,0.3690722214590133,180,0.3539600852483077,0.4135034134600693,0.15872062307153098,ood
B11_full_proposed,trajectory_length,8.724531702241343,8.875989222169434,180,8.76692699566953,9.471363008004943,1.4694757610673541,ood
B11_full_proposed,applied_control_jerk,0.04133929279162728,0.03999703256200288,180,0.026679532257292256,0.05249108190789576,0.016692603521580016,ood
B11_full_proposed,stuck_steps,20.205555555555556,16.5,180,10.0,28.0,12.944961799962291,ood
B11_full_proposed,spin_steps,3.611111111111111,0.0,180,0.0,3.0,7.075324094982354,ood
B11_full_proposed,direction_switch_count,1.7555555555555555,1.0,180,1.0,2.0,1.3186340580385607,ood
B11_full_proposed,three_phase_oscillation_count,0.08333333333333333,0.0,180,0.0,0.0,0.42115828577386155,ood
B11_full_proposed,premature_reverse_count,0.022222222222222223,0.0,180,0.0,0.0,0.14781672010850969,ood
B11_full_proposed,release_delay_max_s,0.7683333333331255,0.39999999999997793,180,0.2000000000000668,0.7999999999995566,1.0157681409652841,ood
B11_full_proposed,conflict_traversal_time_failure_penalized_s,22.113333333332676,14.299999999997326,180,6.09999999999954,40.0,16.339534261669797,ood
B11_full_proposed,zero_speed_risk_steps,15.05,12.0,180,9.0,19.0,9.926700633889407,ood
B11_full_proposed,planner_compute_ms_p95_health_only,478.7709411945515,482.3943750006947,180,481.30568750261773,484.5215562496833,20.211658979135606,ood
B11_full_proposed,planner_deadline_miss_rate_health_only,1.0,1.0,180,1.0,1.0,0.0,ood
