confirmatory_holm_family,effect,effect_scale,endpoint,holm_adjusted_p_three_contrasts,mean_favorable_effect,median_favorable_effect,n,split,whole_seed_bootstrap_mean_95ci,wilcoxon_two_sided_p
True,learning_main,positive_is_favorable,safe_success,5.2945409841195065e-14,0.12916666666666668,0.0,360,pooled,"[0.09861111111111111, 0.1597222222222222]",1.7648469947065023e-14
True,probability_main,positive_is_favorable,safe_success,4.5241654250016273e-10,-0.12361111111111112,0.0,360,pooled,"[-0.16111111111111112, -0.0875]",2.2620827125008136e-10
True,learning_by_probability_interaction,positive_is_favorable,safe_success,1.5290932336974893e-07,0.15833333333333333,0.0,360,pooled,"[0.1, 0.21666666666666667]",1.5290932336974893e-07
False,learning_main,positive_is_favorable,collision_free,0.6033197087407444,0.0125,0.0,360,pooled,"[-0.015277777777777777, 0.04027777777777778]",0.6033197087407444
False,probability_main,positive_is_favorable,collision_free,0.001235447089918775,0.06527777777777778,0.0,360,pooled,"[0.03194444444444444, 0.1]",0.0004118156966395917
False,learning_by_probability_interaction,positive_is_favorable,collision_free,0.0099962956163728,-0.08611111111111111,0.0,360,pooled,"[-0.14166666666666666, -0.03333333333333333]",0.0049981478081864
False,learning_main,positive_is_favorable,failure_penalized_steps,1.519946638314078e-39,19.865277777777777,25.75,360,pooled,"[17.698611111111113, 21.990277777777777]",1.519946638314078e-39
False,probability_main,positive_is_favorable,failure_penalized_steps,1.8791407486821305e-53,-36.42638888888889,-40.5,360,pooled,"[-39.140277777777776, -33.71111111111111]",6.263802495607101e-54
False,learning_by_probability_interaction,positive_is_favorable,failure_penalized_steps,1.2523164458133723e-45,52.24166666666667,67.5,360,pooled,"[47.44722222222222, 56.975]",6.2615822290668615e-46
False,learning_main,positive_is_favorable,final_goal_distance,5.0604167122790784e-05,0.10114192057593575,0.0028945520326153357,360,pooled,"[-0.017028033224500506, 0.2207991640151901]",5.0604167122790784e-05
False,probability_main,positive_is_favorable,final_goal_distance,1.1402222602302775e-06,-0.015692274517543073,-0.004972160244237286,360,pooled,"[-0.15449587653795985, 0.12197272315132182]",3.800740867434258e-07
False,learning_by_probability_interaction,positive_is_favorable,final_goal_distance,1.1402222602302775e-06,0.010584658568347519,0.01007947873971235,360,pooled,"[-0.2062825294060341, 0.2284797688914837]",4.182536326220558e-07
False,learning_main,positive_is_favorable,path_progress_m_max,0.009835366228953498,0.0816225302865167,-0.02210629401176689,360,pooled,"[-0.03004982172917575, 0.1943168503100002]",0.00892276041302262
False,probability_main,positive_is_favorable,path_progress_m_max,0.009835366228953498,0.051429178908512896,0.02114263680924111,360,pooled,"[-0.08172078678157282, 0.1845338328332669]",0.004917683114476749
False,learning_by_probability_interaction,positive_is_favorable,path_progress_m_max,0.0002383703777722215,-0.06847286505918806,-0.04216585877150081,360,pooled,"[-0.27002611393780546, 0.13275776061812472]",7.94567925907405e-05
False,learning_main,positive_is_favorable,minimum_clearance,0.741801469255531,-0.00020948641397838808,0.00018009738038438083,360,pooled,"[-0.010187950711785746, 0.009785511282933718]",0.741801469255531
False,probability_main,positive_is_favorable,minimum_clearance,2.123414662894226e-24,0.05677556333842482,0.03438654022131318,360,pooled,"[0.04365832762365468, 0.0699295185577919]",7.078048876314087e-25
False,learning_by_probability_interaction,positive_is_favorable,minimum_clearance,8.249957316840998e-15,-0.04415416724339382,-0.016883582705089772,360,pooled,"[-0.06335278969746815, -0.02488007974932603]",4.124978658420499e-15
False,learning_main,positive_is_favorable,conflict_q05_clearance,0.8002310166668158,-0.016785564077205536,0.0009477284231122346,360,pooled,"[-0.029171353394776747, -0.004571921900755527]",0.8002310166668158
False,probability_main,positive_is_favorable,conflict_q05_clearance,2.9735686747878047e-52,0.12018008450117795,0.044120785188778266,360,pooled,"[0.10266163827786698, 0.13855048881217527]",9.911895582626016e-53
False,learning_by_probability_interaction,positive_is_favorable,conflict_q05_clearance,3.7794451977134347e-31,-0.0861188323219062,-0.017729033828911583,360,pooled,"[-0.11088105059049469, -0.06232219501352126]",1.8897225988567173e-31
False,learning_main,positive_is_favorable,safe_success,1.5395434365709068e-08,0.13333333333333333,0.0,180,id,"[0.09166666666666666, 0.175]",5.131811455236356e-09
False,probability_main,positive_is_favorable,safe_success,1.1409724149784775e-06,-0.12222222222222222,0.0,180,id,"[-0.16944444444444445, -0.07777777777777778]",5.704862074892387e-07
False,learning_by_probability_interaction,positive_is_favorable,safe_success,5.976322465968275e-05,0.15555555555555556,0.0,180,id,"[0.07777777777777778, 0.23333333333333334]",5.976322465968275e-05
False,learning_main,positive_is_favorable,collision_free,0.4867132967831418,0.019444444444444445,0.0,180,id,"[-0.019444444444444445, 0.058333333333333334]",0.4867132967831418
False,probability_main,positive_is_favorable,collision_free,0.0172909718121586,0.06944444444444445,0.0,180,id,"[0.022222222222222223, 0.11666666666666667]",0.005763657270719533
False,learning_by_probability_interaction,positive_is_favorable,collision_free,0.08878655895980156,-0.09444444444444444,0.0,180,id,"[-0.17222222222222222, -0.016666666666666666]",0.04439327947990078
False,learning_main,positive_is_favorable,failure_penalized_steps,2.771025451192218e-22,21.025,26.75,180,id,"[18.05, 23.916666666666668]",2.771025451192218e-22
False,probability_main,positive_is_favorable,failure_penalized_steps,1.0449813144306336e-27,-34.975,-39.75,180,id,"[-38.455555555555556, -31.466666666666665]",3.483271048102112e-28
False,learning_by_probability_interaction,positive_is_favorable,failure_penalized_steps,2.1753959235356615e-24,54.53888888888889,71.0,180,id,"[47.75555555555555, 61.105555555555554]",1.0876979617678307e-24
False,learning_main,positive_is_favorable,final_goal_distance,0.0017203899157892922,0.1046520475583467,0.002915966604432149,180,id,"[-0.05691230919487909, 0.2666014708428961]",0.001098146461195099
False,probability_main,positive_is_favorable,final_goal_distance,0.0015215203748722684,-0.0070289183460159575,-0.004221409830854214,180,id,"[-0.191468769002908, 0.17342001679674462]",0.0005071734582907561
False,learning_by_probability_interaction,positive_is_favorable,final_goal_distance,0.0017203899157892922,0.021948799758856788,0.008939554610921246,180,id,"[-0.2766713750781836, 0.3228537032639166]",0.0008601949578946461
False,learning_main,positive_is_favorable,path_progress_m_max,0.04150476752583821,0.084383481787018,-0.02246294113067293,180,id,"[-0.06543595009891777, 0.23383518159636235]",0.04150476752583821
False,probability_main,positive_is_favorable,path_progress_m_max,0.03784998596727593,0.06451265962275397,0.022092149700825736,180,id,"[-0.11021493594483406, 0.2369365178616155]",0.018924992983637964
False,learning_by_probability_interaction,positive_is_favorable,path_progress_m_max,0.00727179367573056,-0.06663082764682104,-0.042254025604626655,180,id,"[-0.33776811506791654, 0.20813477408539757]",0.0024239312252435203
False,learning_main,positive_is_favorable,minimum_clearance,0.09693404620691727,0.007298957364956328,0.0007210332577079481,180,id,"[-0.00735384346446576, 0.022157982014902832]",0.09693404620691727
False,probability_main,positive_is_favorable,minimum_clearance,5.852101206518163e-14,0.05323611643707527,0.036328701796888824,180,id,"[0.03479394608592969, 0.07166204907412854]",1.950700402172721e-14
False,learning_by_probability_interaction,positive_is_favorable,minimum_clearance,9.017023356506202e-08,-0.04670823632954612,-0.015674169879906386,180,id,"[-0.07479926872688748, -0.018775448524469347]",4.508511678253101e-08
False,learning_main,positive_is_favorable,conflict_q05_clearance,0.5542565444912386,-0.011480006339604549,0.0012768207344441562,180,id,"[-0.02651873537982923, 0.002613713743031992]",0.5542565444912386
False,probability_main,positive_is_favorable,conflict_q05_clearance,7.287392794196311e-28,0.11363194510263919,0.04403673789910595,180,id,"[0.09125247479403241, 0.13754965984268336]",2.4291309313987704e-28
False,learning_by_probability_interaction,positive_is_favorable,conflict_q05_clearance,6.104954538322853e-18,-0.08777630040661805,-0.018220725573876773,180,id,"[-0.11907218799540377, -0.05928839532303403]",3.0524772691614264e-18
False,learning_main,positive_is_favorable,safe_success,1.3926456463159194e-06,0.125,0.0,180,ood,"[0.08055555555555556, 0.16944444444444445]",4.642152154386398e-07
False,probability_main,positive_is_favorable,safe_success,9.343110686324309e-05,-0.125,0.0,180,ood,"[-0.18333333333333332, -0.06666666666666667]",4.6715553431621544e-05
False,learning_by_probability_interaction,positive_is_favorable,safe_success,0.0005554827806763256,0.16111111111111112,0.0,180,ood,"[0.07777777777777778, 0.25]",0.0005554827806763256
False,learning_main,positive_is_favorable,collision_free,0.9695721586920905,0.005555555555555556,0.0,180,ood,"[-0.03333333333333333, 0.044444444444444446]",0.9695721586920905
False,probability_main,positive_is_favorable,collision_free,0.07426664348927597,0.06111111111111111,0.0,180,ood,"[0.011111111111111112, 0.1111111111111111]",0.024755547829758657
False,learning_by_probability_interaction,positive_is_favorable,collision_free,0.10012188770487364,-0.07777777777777778,0.0,180,ood,"[-0.15555555555555556, 0.0]",0.05006094385243682
False,learning_main,positive_is_favorable,failure_penalized_steps,6.436247474102816e-19,18.705555555555556,21.75,180,ood,"[15.566666666666666, 21.772222222222222]",6.436247474102816e-19
False,probability_main,positive_is_favorable,failure_penalized_steps,4.9307989476661364e-27,-37.87777777777778,-40.5,180,ood,"[-42.01111111111111, -33.733333333333334]",1.6435996492220453e-27
False,learning_by_probability_interaction,positive_is_favorable,failure_penalized_steps,8.328617260067877e-23,49.94444444444444,60.5,180,ood,"[43.105555555555554, 56.638888888888886]",4.1643086300339384e-23
False,learning_main,positive_is_favorable,final_goal_distance,0.012424473372822369,0.09763179359352477,0.0028945520326153357,180,ood,"[-0.0741821606006771, 0.2759682695769423]",0.012424473372822369
False,probability_main,positive_is_favorable,final_goal_distance,0.00047477061521736355,-0.024355630689070176,-0.005380277274905698,180,ood,"[-0.23325657269173547, 0.183507920781824]",0.00023738530760868178
False,learning_by_probability_interaction,positive_is_favorable,final_goal_distance,0.0004471721874282411,-0.0007794826221617375,0.011496133740670711,180,ood,"[-0.3171478070791753, 0.3124536016592358]",0.0001490573958094137
False,learning_main,positive_is_favorable,path_progress_m_max,0.17937695344383742,0.0788615787860154,-0.021004242445287424,180,ood,"[-0.0851343808648976, 0.24898022660898092]",0.08968847672191871
False,probability_main,positive_is_favorable,path_progress_m_max,0.17937695344383742,0.038345698194271804,0.01923985436834519,180,ood,"[-0.16472923524684116, 0.24162693105209554]",0.10132258323247709
False,learning_by_probability_interaction,positive_is_favorable,path_progress_m_max,0.031935513458631104,-0.0703149024715551,-0.04206282760809188,180,ood,"[-0.36919374671388605, 0.2237439858452806]",0.010645171152877036
False,learning_main,positive_is_favorable,minimum_clearance,0.23916605290770143,-0.007717930192913103,2.216592958931285e-05,180,ood,"[-0.021032254034158544, 0.005772401483882711]",0.23916605290770143
False,probability_main,positive_is_favorable,minimum_clearance,1.1215086870143157e-11,0.06031501023977438,0.03379194512425179,180,ood,"[0.041878342875578775, 0.07906684467351445]",3.738362290047719e-12
False,learning_by_probability_interaction,positive_is_favorable,minimum_clearance,3.435926832852081e-08,-0.041600098157241534,-0.01735338730089503,180,ood,"[-0.06783233312345159, -0.015393203630440763]",1.7179634164260406e-08
False,learning_main,positive_is_favorable,conflict_q05_clearance,0.8169924178225376,-0.022091121814806523,0.0005418163990767583,180,ood,"[-0.04201762631481092, -0.002325479809916808]",0.8169924178225376
False,probability_main,positive_is_favorable,conflict_q05_clearance,8.595930677253709e-26,0.1267282238997167,0.04456633521501069,180,ood,"[0.10040880604509363, 0.15507849565437654]",2.8653102257512363e-26
False,learning_by_probability_interaction,positive_is_favorable,conflict_q05_clearance,1.2011420795907808e-14,-0.08446136423719434,-0.017082457431942838,180,ood,"[-0.12378468857837772, -0.04710771253816977]",6.005710397953904e-15
