confirmatory_holm_family,contrast,control_events,control_mean,control_median,control_rate,effect_scale,endpoint,exact_mcnemar_two_sided_p,higher_is_better,holm_adjusted_p_three_contrasts,mean_favorable_effect,mean_treatment_minus_control,median_treatment_minus_control,n,paired_t_two_sided_95ci,paired_table,split,tango_one_sided_95ci_lower,tango_one_sided_95ci_upper,tango_two_sided_95ci,treatment_events,treatment_mean,treatment_median,treatment_minus_control,treatment_rate,whole_seed_bootstrap_mean_95ci,wilcoxon_two_sided_p
True,B11_full_proposed_minus_A_full_ordinary_imm,110,,,0.7857142857142857,positive_is_favorable,safe_success,0.125,,0.328125,0.0357142857142857,,,140,,"{'n11': 109, 'n10': 6, 'n01': 1, 'n00': 24}",pooled,0.005762504265930479,0.07463320607757104,"[-0.0017791716377358211, 0.08430899908170497]",115,,,0.0357142857142857,0.8214285714285714,,
True,B11_full_proposed_minus_A_no_icode,109,,,0.7785714285714286,positive_is_favorable,safe_success,0.109375,,0.328125,0.042857142857142816,,,140,,"{'n11': 107, 'n10': 8, 'n01': 2, 'n00': 23}",pooled,0.006573620659309451,0.08642911594824043,"[-0.0017155788177659007, 0.09670753887120495]",115,,,0.042857142857142816,0.8214285714285714,,
True,B11_full_proposed_minus_A_fixed_hss,108,,,0.7714285714285715,positive_is_favorable,safe_success,0.11846923828125,,0.328125,0.04999999999999993,,,140,,"{'n11': 104, 'n10': 11, 'n01': 4, 'n00': 21}",pooled,0.00490256958119013,0.10017608197585012,"[-0.00474891687781517, 0.1113359293626561]",115,,,0.04999999999999993,0.8214285714285714,,
False,B11_full_proposed_minus_A_full_ordinary_imm,23,,,0.16428571428571428,positive_is_favorable,collision,0.453125,,0.90625,0.021428571428571436,,,140,,"{'n11': 18, 'n10': 2, 'n01': 5, 'n00': 115}",pooled,-0.05933962579228454,0.011542009273852027,"[-0.06877142901111477, 0.019805747281223217]",20,,,-0.021428571428571436,0.14285714285714285,,
False,B11_full_proposed_minus_A_no_icode,22,,,0.15714285714285714,positive_is_favorable,collision,0.7744140625,,0.90625,0.01428571428571429,,,140,,"{'n11': 15, 'n10': 5, 'n01': 7, 'n00': 113}",pooled,-0.05930914264217198,0.02891052989479869,"[-0.0695707253030308, 0.03866394655733142]",20,,,-0.01428571428571429,0.14285714285714285,,
False,B11_full_proposed_minus_A_fixed_hss,25,,,0.17857142857142858,positive_is_favorable,collision,0.266845703125,,0.800537109375,0.035714285714285726,,,140,,"{'n11': 16, 'n10': 4, 'n01': 9, 'n00': 111}",pooled,-0.08300566837305348,0.007306798011540374,"[-0.09371133407556925, 0.01678978500467397]",20,,,-0.035714285714285726,0.14285714285714285,,
False,B11_full_proposed_minus_A_full_ordinary_imm,,340.54285714285714,322.5,,positive_is_favorable,failure_penalized_steps,,False,0.3982189101515321,0.9214285714285714,-0.9214285714285714,0.0,140,"[-2.041767735558444, 0.19891059270130118]",,pooled,,,,,339.62142857142857,323.0,,,"[-2.0714285714285716, 0.15]",0.21403693501903776
False,B11_full_proposed_minus_A_no_icode,,341.75,323.5,,positive_is_favorable,failure_penalized_steps,,False,0.0014248817848810653,2.1285714285714286,-2.1285714285714286,0.0,140,"[-3.552959147978883, -0.7041837091639744]",,pooled,,,,,339.62142857142857,323.0,,,"[-3.6, -0.7928571428571428]",0.0004749605949603551
False,B11_full_proposed_minus_A_fixed_hss,,342.48571428571427,330.5,,positive_is_favorable,failure_penalized_steps,,False,0.3982189101515321,2.8642857142857143,-2.8642857142857143,0.0,140,"[-6.082754974655192, 0.35418354608376346]",,pooled,,,,,339.62142857142857,323.0,,,"[-6.15, 0.21428571428571427]",0.19910945507576605
False,B11_full_proposed_minus_A_full_ordinary_imm,,0.925679580374547,0.2931713645875611,,positive_is_favorable,final_goal_distance,,False,0.7900315099306501,0.03763026795959161,-0.03763026795959161,0.0,140,"[-0.17712671502576832, 0.10186617910658509]",,pooled,,,,,0.8880493124149554,0.2926015607113016,,,"[-0.17989254977850253, 0.09625480099064583]",0.7900315099306501
False,B11_full_proposed_minus_A_no_icode,,0.9634013795058389,0.2930471314736641,,positive_is_favorable,final_goal_distance,,False,0.48480576366858585,0.07535206709088353,-0.07535206709088353,-0.0008975596820126885,140,"[-0.25332259098441917, 0.10261845680265212]",,pooled,,,,,0.8880493124149554,0.2926015607113016,,,"[-0.2528718783481093, 0.09936118935544003]",0.24240288183429293
False,B11_full_proposed_minus_A_fixed_hss,,0.9106159392130609,0.293565344005308,,positive_is_favorable,final_goal_distance,,False,0.2845801815975957,0.022566626798105345,-0.022566626798105345,-0.0016459831899998945,140,"[-0.2244858317703133, 0.17935257817410263]",,pooled,,,,,0.8880493124149554,0.2926015607113016,,,"[-0.21526945063602454, 0.1840283279073934]",0.0948600605325319
False,B11_full_proposed_minus_A_full_ordinary_imm,,0.2861583735558688,0.35088851841836183,,positive_is_favorable,minimum_clearance,,True,1.0,-0.0025283715090224142,-0.0025283715090224142,0.0,140,"[-0.008702205971388774, 0.003645462953343946]",,pooled,,,,,0.2836300020468464,0.35088851841836183,,,"[-0.009198803558571356, 0.002993760244298935]",0.8650247445824978
False,B11_full_proposed_minus_A_no_icode,,0.2795037215984274,0.34336708922729064,,positive_is_favorable,minimum_clearance,,True,1.0,0.004126280448418983,0.004126280448418983,0.0,140,"[-0.007915195447838804, 0.01616775634467677]",,pooled,,,,,0.2836300020468464,0.35088851841836183,,,"[-0.007606227369893423, 0.01628195522593042]",0.8835224607581216
False,B11_full_proposed_minus_A_fixed_hss,,0.27402182207482834,0.33200775736988863,,positive_is_favorable,minimum_clearance,,True,6.13328726296128e-07,0.009608179972018025,0.009608179972018025,0.00850796651919189,140,"[-0.007892540292748598, 0.027108900236784646]",,pooled,,,,,0.2836300020468464,0.35088851841836183,,,"[-0.00779188504262517, 0.027029814669591937]",2.0444290876537602e-07
False,B11_full_proposed_minus_A_full_ordinary_imm,,0.4176359415975287,0.36874700993606546,,positive_is_favorable,conflict_q05_clearance,,True,0.8227246035495941,0.0008612168437889157,0.0008612168437889157,0.0,140,"[-0.0017411628430054047, 0.003463596530583236]",,pooled,,,,,0.4184971584413176,0.36874700993606546,,,"[-0.0016768429825467523, 0.0034879151248833435]",0.41136230177479705
False,B11_full_proposed_minus_A_no_icode,,0.4183459382081211,0.36874700993606546,,positive_is_favorable,conflict_q05_clearance,,True,0.9874944486088829,0.00015122023319649012,0.00015122023319649012,0.0,140,"[-0.004239960536956875, 0.004542401003349856]",,pooled,,,,,0.4184971584413176,0.36874700993606546,,,"[-0.004141405443746437, 0.0045472684198799105]",0.9874944486088829
False,B11_full_proposed_minus_A_fixed_hss,,0.4044019548167978,0.3442904955063365,,positive_is_favorable,conflict_q05_clearance,,True,4.547098962121886e-12,0.0140952036245198,0.0140952036245198,0.016062904047619758,140,"[0.007040188062698156, 0.021150219186341444]",,pooled,,,,,0.4184971584413176,0.36874700993606546,,,"[0.0075026878249970395, 0.021424917781448238]",1.5156996540406286e-12
False,B11_full_proposed_minus_A_full_ordinary_imm,52,,,0.7428571428571429,positive_is_favorable,safe_success,0.25,,0.75,0.042857142857142816,,,70,,"{'n11': 52, 'n10': 3, 'n01': 0, 'n00': 15}",id,0.004049987527195804,0.10248130922672202,"[-0.011395479266410574, 0.11859668748592136]",55,,,0.042857142857142816,0.7857142857142857,,
False,B11_full_proposed_minus_A_no_icode,55,,,0.7857142857142857,positive_is_favorable,safe_success,1.0,,1.0,0.0,,,70,,"{'n11': 53, 'n10': 2, 'n01': 2, 'n00': 13}",id,-0.058583689623895735,0.058583689623895735,"[-0.07432694059433909, 0.07432694059433909]",55,,,0.0,0.7857142857142857,,
False,B11_full_proposed_minus_A_fixed_hss,54,,,0.7714285714285715,positive_is_favorable,safe_success,1.0,,1.0,0.014285714285714235,,,70,,"{'n11': 51, 'n10': 4, 'n01': 3, 'n00': 12}",id,-0.05487859144840873,0.0858509973963833,"[-0.07154764445612466, 0.1029677549417908]",55,,,0.014285714285714235,0.7857142857142857,,
False,B11_full_proposed_minus_A_full_ordinary_imm,14,,,0.2,positive_is_favorable,collision,1.0,,1.0,0.01428571428571429,,,70,,"{'n11': 11, 'n10': 2, 'n01': 3, 'n00': 54}",id,-0.0786321368336679,0.046607846642013895,"[-0.09500857256488376, 0.062424225496664015]",13,,,-0.01428571428571429,0.18571428571428572,,
False,B11_full_proposed_minus_A_no_icode,11,,,0.15714285714285714,positive_is_favorable,collision,0.7265625,,1.0,-0.02857142857142858,,,70,,"{'n11': 8, 'n10': 5, 'n01': 3, 'n00': 54}",id,-0.04300129515240339,0.10425271394114,"[-0.059836683394217674, 0.12188586068940513]",13,,,0.02857142857142858,0.18571428571428572,,
False,B11_full_proposed_minus_A_fixed_hss,15,,,0.21428571428571427,positive_is_favorable,collision,0.6875,,1.0,0.028571428571428553,,,70,,"{'n11': 11, 'n10': 2, 'n01': 4, 'n00': 53}",id,-0.09767105411309718,0.03467170946487039,"[-0.11460124021276663, 0.05056951305550178]",13,,,-0.028571428571428553,0.18571428571428572,,
False,B11_full_proposed_minus_A_full_ordinary_imm,,339.34285714285716,315.5,,positive_is_favorable,failure_penalized_steps,,False,1.0,0.3142857142857143,-0.3142857142857143,0.0,70,"[-1.3787285344521902, 0.7501571058807617]",,id,,,,,339.0285714285714,314.0,,,"[-1.4, 0.6857142857142857]",0.5048257024384477
False,B11_full_proposed_minus_A_no_icode,,339.62857142857143,313.5,,positive_is_favorable,failure_penalized_steps,,False,0.18290434533701244,0.6,-0.6,0.0,70,"[-1.9864244386813907, 0.7864244386813909]",,id,,,,,339.0285714285714,314.0,,,"[-1.957142857142857, 0.7571428571428571]",0.060968115112337476
False,B11_full_proposed_minus_A_fixed_hss,,340.4142857142857,323.5,,positive_is_favorable,failure_penalized_steps,,False,1.0,1.3857142857142857,-1.3857142857142857,0.0,70,"[-5.525665600740199, 2.754237029311627]",,id,,,,,339.0285714285714,314.0,,,"[-5.6571428571428575, 2.457499999999917]",0.8275645753754299
False,B11_full_proposed_minus_A_full_ordinary_imm,,0.9628752526168604,0.29465871668781396,,positive_is_favorable,final_goal_distance,,False,0.8482304930349356,0.007883656600195755,-0.007883656600195755,0.0,70,"[-0.21961801515520868, 0.2038507019548172]",,id,,,,,0.954991596016665,0.29253833954827585,,,"[-0.21627619584684502, 0.20166834410699494]",0.4241152465174678
False,B11_full_proposed_minus_A_no_icode,,0.8235761848944015,0.29538101472172495,,positive_is_favorable,final_goal_distance,,False,0.8482304930349356,-0.1314154111222631,0.1314154111222631,-2.850625152289732e-05,70,"[-0.11323227137309244, 0.37606309361761864]",,id,,,,,0.954991596016665,0.29253833954827585,,,"[-0.07836921538257419, 0.3938612816088747]",0.6971502873791435
False,B11_full_proposed_minus_A_fixed_hss,,0.9430271671882651,0.29497211686818725,,positive_is_favorable,final_goal_distance,,False,0.8175514720821481,-0.011964428828399697,0.011964428828399697,-0.0021715043632489217,70,"[-0.2813394532260088, 0.3052683108828082]",,id,,,,,0.954991596016665,0.29253833954827585,,,"[-0.26228352107235925, 0.3138486989172265]",0.272517157360716
False,B11_full_proposed_minus_A_full_ordinary_imm,,0.2750295506627402,0.3431769461126549,,positive_is_favorable,minimum_clearance,,True,0.654317821817455,-0.005782926845010583,-0.005782926845010583,0.0,70,"[-0.016374705254092438, 0.00480885156407127]",,id,,,,,0.2692466238177297,0.3431769461126549,,,"[-0.017430098037193524, 0.0029264938786284188]",0.6440110128681575
False,B11_full_proposed_minus_A_no_icode,,0.2776402355446961,0.34329852932533633,,positive_is_favorable,minimum_clearance,,True,0.654317821817455,-0.008393611726966382,-0.008393611726966382,0.0,70,"[-0.023685446558591658, 0.006898223104658893]",,id,,,,,0.2692466238177297,0.3431769461126549,,,"[-0.024826319571224522, 0.004823119155549815]",0.3271589109087275
False,B11_full_proposed_minus_A_fixed_hss,,0.2667485314188236,0.3318542746366832,,positive_is_favorable,minimum_clearance,,True,0.00087084871391105,0.0024980923989061862,0.0024980923989061862,0.009041962455105135,70,"[-0.023187821317244773, 0.028184006115057145]",,id,,,,,0.2692466238177297,0.3431769461126549,,,"[-0.02300193200562159, 0.027274074415436857]",0.00029028290463701666
False,B11_full_proposed_minus_A_full_ordinary_imm,,0.4071691244930178,0.3633013384615167,,positive_is_favorable,conflict_q05_clearance,,True,1.0,-0.00035024538387273113,-0.00035024538387273113,0.0,70,"[-0.0033400894271765017, 0.0026395986594310392]",,id,,,,,0.406818879109145,0.36273334662571605,,,"[-0.003455647680438944, 0.002388144170868068]",0.5995498949273794
False,B11_full_proposed_minus_A_no_icode,,0.4065108275547913,0.36129704948191366,,positive_is_favorable,conflict_q05_clearance,,True,1.0,0.0003080515543537564,0.0003080515543537564,0.0,70,"[-0.006595800618412249, 0.007211903727119762]",,id,,,,,0.406818879109145,0.36273334662571605,,,"[-0.006449597133486943, 0.007064049360113301]",0.9882577769512976
False,B11_full_proposed_minus_A_fixed_hss,,0.39619010279241756,0.33788096488346964,,positive_is_favorable,conflict_q05_clearance,,True,4.880367706312798e-06,0.010628776316727461,0.010628776316727461,0.017290491821399107,70,"[0.0031089962279196477, 0.018148556405535275]",,id,,,,,0.406818879109145,0.36273334662571605,,,"[0.002686456151510085, 0.017351085354041746]",1.6267892354375993e-06
False,B11_full_proposed_minus_A_full_ordinary_imm,58,,,0.8285714285714286,positive_is_favorable,safe_success,0.625,,0.625,0.02857142857142847,,,70,,"{'n11': 57, 'n10': 3, 'n01': 1, 'n00': 9}",ood,-0.024581160240356704,0.0905370145314828,"[-0.03960773377866249, 0.10678109289482407]",60,,,0.02857142857142847,0.8571428571428571,,
False,B11_full_proposed_minus_A_no_icode,54,,,0.7714285714285715,positive_is_favorable,safe_success,0.03125,,0.09375,0.08571428571428563,,,70,,"{'n11': 54, 'n10': 6, 'n01': 0, 'n00': 10}",ood,0.044971213657386266,0.15729044006864817,"[0.02923210430844555, 0.17465672492333467]",60,,,0.08571428571428563,0.8571428571428571,,
False,B11_full_proposed_minus_A_fixed_hss,54,,,0.7714285714285715,positive_is_favorable,safe_success,0.0703125,,0.140625,0.08571428571428563,,,70,,"{'n11': 53, 'n10': 7, 'n01': 1, 'n00': 9}",ood,0.023305251329018062,0.1629862284757856,"[0.008409976916936169, 0.18092684311748602]",60,,,0.08571428571428563,0.8571428571428571,,
False,B11_full_proposed_minus_A_full_ordinary_imm,9,,,0.12857142857142856,positive_is_favorable,collision,0.5,,0.90625,0.028571428571428553,,,70,,"{'n11': 7, 'n10': 0, 'n01': 2, 'n00': 61}",ood,-0.08272842721679888,0.009704122322999803,"[-0.09832256118487673, 0.024938007231409987]",7,,,-0.028571428571428553,0.1,,
False,B11_full_proposed_minus_A_no_icode,11,,,0.15714285714285714,positive_is_favorable,collision,0.125,,0.375,0.057142857142857134,,,70,,"{'n11': 7, 'n10': 0, 'n01': 4, 'n00': 59}",ood,-0.12133520567157272,-0.017804097278256485,"[-0.1379195047488655, -0.0021470484348353825]",7,,,-0.057142857142857134,0.1,,
False,B11_full_proposed_minus_A_fixed_hss,10,,,0.14285714285714285,positive_is_favorable,collision,0.453125,,0.90625,0.042857142857142844,,,70,,"{'n11': 5, 'n10': 2, 'n01': 5, 'n00': 58}",ood,-0.11602556992373797,0.022756747246146458,"[-0.13343779250179555, 0.03874997147840599]",7,,,-0.042857142857142844,0.1,,
False,B11_full_proposed_minus_A_full_ordinary_imm,,341.74285714285713,336.0,,positive_is_favorable,failure_penalized_steps,,False,0.2618348430567369,1.5285714285714285,-1.5285714285714285,0.0,70,"[-3.5217488725965547, 0.46460601545369773]",,ood,,,,,340.2142857142857,337.5,,,"[-3.557142857142857, 0.34285714285714286]",0.2618348430567369
False,B11_full_proposed_minus_A_no_icode,,343.87142857142857,338.5,,positive_is_favorable,failure_penalized_steps,,False,0.007516328138148171,3.657142857142857,-3.657142857142857,0.0,70,"[-6.133066507561635, -1.1812192067240797]",,ood,,,,,340.2142857142857,337.5,,,"[-6.257142857142857, -1.4285714285714286]",0.002505442712716057
False,B11_full_proposed_minus_A_fixed_hss,,344.5571428571429,336.5,,positive_is_favorable,failure_penalized_steps,,False,0.20727011880227428,4.3428571428571425,-4.3428571428571425,0.0,70,"[-9.352497090357414, 0.6667828046431294]",,ood,,,,,340.2142857142857,337.5,,,"[-9.471428571428572, 0.3]",0.10363505940113714
False,B11_full_proposed_minus_A_full_ordinary_imm,,0.8884839081322337,0.29217947067477046,,positive_is_favorable,final_goal_distance,,False,0.6209464471379412,0.06737687931898748,-0.06737687931898748,0.0004240142168746297,70,"[-0.2541467236558866, 0.11939296501791163]",,ood,,,,,0.8211070288132464,0.292667859539386,,,"[-0.26759570548422984, 0.09070581277386693]",0.6209464471379412
False,B11_full_proposed_minus_A_no_icode,,1.1032265741172766,0.29185024612568683,,positive_is_favorable,final_goal_distance,,False,0.6030061480634192,0.28211954530403016,-0.28211954530403016,-0.0008975596820126885,70,"[-0.537328560001942, -0.026910530606118366]",,ood,,,,,0.8211070288132464,0.292667859539386,,,"[-0.5593454336470692, -0.06741433755292213]",0.20100204935447308
False,B11_full_proposed_minus_A_fixed_hss,,0.8782047112378567,0.2926904281206772,,positive_is_favorable,final_goal_distance,,False,0.6030061480634192,0.057097682424610406,-0.057097682424610406,-0.0007189395851950608,70,"[-0.3418223330223105, 0.22762696817308972]",,ood,,,,,0.8211070288132464,0.292667859539386,,,"[-0.3238882737903603, 0.23495860213645756]",0.21150382409725055
False,B11_full_proposed_minus_A_full_ordinary_imm,,0.29728719644899737,0.35116212798626056,,positive_is_favorable,minimum_clearance,,True,0.9655681834563723,0.0007261838269657547,0.0007261838269657547,0.0,70,"[-0.005826264546364066, 0.007278632200295575]",,ood,,,,,0.2980133802759631,0.35121153678644623,,,"[-0.005850001899421032, 0.006960544223360977]",0.5242090660875951
False,B11_full_proposed_minus_A_no_icode,,0.28136720765215883,0.34353524749957687,,positive_is_favorable,minimum_clearance,,True,0.9655681834563723,0.016646172623804346,0.016646172623804346,0.0,70,"[-0.0018691180299270811, 0.035161463277535776]",,ood,,,,,0.2980133802759631,0.35121153678644623,,,"[0.0004406121977219567, 0.03632062425935655]",0.48278409172818615
False,B11_full_proposed_minus_A_fixed_hss,,0.28129511273083324,0.33312000748809606,,positive_is_favorable,minimum_clearance,,True,0.0005003164911277021,0.01671826754512987,0.01671826754512987,0.00629780592108431,70,"[-0.007585193569767092, 0.04102172866002683]",,ood,,,,,0.2980133802759631,0.35121153678644623,,,"[-0.006643703057568575, 0.04084477235708724]",0.00016677216370923403
False,B11_full_proposed_minus_A_full_ordinary_imm,,0.4281027587020397,0.3689685532279788,,positive_is_favorable,conflict_q05_clearance,,True,1.0,0.0020726790714505625,0.0020726790714505625,0.0,70,"[-0.002248195482614299, 0.006393553625515424]",,ood,,,,,0.4301754377734902,0.3689685532279788,,,"[-0.0019180753401783618, 0.006524395768547686]",0.5374010594209256
False,B11_full_proposed_minus_A_no_icode,,0.430181048861451,0.3689685532279788,,positive_is_favorable,conflict_q05_clearance,,True,1.0,-5.611087960776172e-06,-5.611087960776172e-06,0.0,70,"[-0.005611441221939815, 0.005600219046018263]",,ood,,,,,0.4301754377734902,0.3689685532279788,,,"[-0.005206550507259205, 0.005855117347516427]",0.9765180969083254
False,B11_full_proposed_minus_A_fixed_hss,,0.41261380684117815,0.34644915436953694,,positive_is_favorable,conflict_q05_clearance,,True,5.15061008334007e-07,0.01756163093231214,0.01756163093231214,0.015287602319520976,70,"[0.005469367851026653, 0.029653894013597623]",,ood,,,,,0.4301754377734902,0.3689685532279788,,,"[0.007234970623973941, 0.030533003117804346]",1.7168700277800233e-07
