episode,global_step,scene,length,return,success,collision,goal_distance,replay_size,curriculum_phase,initial_state_phase,initial_state_name,rl_gate_alpha_mean,distance_gate_alpha_mean,intrinsic_exploration_return,replay_labeled_transitions,cross_track_rmse,precision_constraint_cost_mean_square,precision_constraint_target_mean_square,precision_constraint_violation,precision_constraint_multiplier_before,precision_constraint_multiplier,precision_constraint_feasible,covariance_scale_0_mean,covariance_scale_0_std,covariance_scale_1_mean,covariance_scale_1_std
0,320,high_dynamic_accel_turn_l56__low_friction_seen,320,-2452.8763402125082,False,False,4.764935343584646,320,uniform,disabled,configured_initial,1.0,1.0,0.0,320,1.9272398134833006,3.714253298675147,0.0016,3.7126532986751473,0.0,0.0,False,1.0,0.0,1.0,0.0
1,680,high_dynamic_accel_straight_l56__long_delay_seen,360,-12627.685415786429,False,False,8.142325868722919,680,uniform,disabled,configured_initial,1.0,1.0,0.0,360,4.178817850619471,17.46251862865594,0.0016,17.46091862865594,0.0,0.0,False,1.0,0.0,1.0,0.0
2,980,high_dynamic_sweep_l56__high_mass_seen,300,-1888.2574386269666,False,False,4.079726176990442,980,uniform,disabled,configured_initial,1.0,1.0,0.0,300,1.7792151412284791,3.165606518776677,0.0016,3.1640065187766773,0.0,0.0,False,1.0,0.0,1.0,0.0
3,1340,high_dynamic_accel_straight_l56__long_delay_seen,360,-5151.26913431747,False,False,5.83254991519141,1340,uniform,disabled,configured_initial,1.0,1.0,0.0,360,2.654998594778591,7.049017538276291,0.0016,7.047417538276291,0.0,0.0,False,1.0,0.0,1.0,0.0
4,1680,high_dynamic_chicane_l56__high_mass_seen,340,-12611.913158568796,False,False,6.509334641736484,1680,uniform,disabled,configured_initial,1.0,1.0,0.0,340,4.271239902642691,18.243490305927146,0.0016,18.241890305927146,0.0,0.0,False,1.0,0.0,1.0,0.0
5,2000,high_dynamic_accel_turn_l56__nominal_seen,320,-15011.23460111648,False,False,8.829397475645678,2000,uniform,disabled,configured_initial,1.0,1.0,0.0,320,4.828396837679246,23.313416022110935,0.0016,23.311816022110936,0.0,0.0,False,1.0,0.0,1.0,0.0
6,2320,high_dynamic_accel_turn_l56__nominal_seen,320,-1806.9033671437408,False,False,3.9806862584874403,2320,uniform,disabled,configured_initial,1.0,1.0,0.0,320,1.675102888850579,2.8059696882355554,0.0016,2.8043696882355555,0.0,0.0,False,1.0,0.0,1.0,0.0
7,2640,high_dynamic_accel_turn_l56__low_friction_seen,320,-6405.002222209877,False,False,5.92878525430494,2640,uniform,disabled,configured_initial,1.0,1.0,0.0,320,3.1610456350874165,9.992209507105208,0.0016,9.990609507105209,0.0,0.0,False,1.0,0.0,1.0,0.0
8,2980,high_dynamic_chicane_l56__high_mass_seen,340,-9917.344415977072,False,False,8.722800971440124,2980,uniform,disabled,configured_initial,1.0,1.0,0.0,340,3.7846539077642807,14.323605201555441,0.0016,14.322005201555442,0.0,0.0,False,1.0,0.0,1.0,0.0
9,3165,high_dynamic_accel_straight_l56__low_friction_seen,185,54.13711099006633,True,False,0.22777571371606245,3165,uniform,disabled,configured_initial,1.0,1.0,0.0,185,0.29459360945442314,0.08678539473138518,0.0016,0.08518539473138517,0.0,0.0,False,1.0,0.0,1.0,0.0
10,3333,high_dynamic_chicane_l56__high_mass_seen,168,-114.06538464612197,True,False,0.22629690925934864,3333,uniform,disabled,configured_initial,1.0,1.0,0.0,168,0.6043098035023265,0.3651903386090205,0.0016,0.3635903386090205,0.0,0.0,False,1.0,0.0,1.0,0.0
11,3633,high_dynamic_sweep_l56__high_mass_seen,300,-1881.2973177509548,False,False,4.096662483003095,3633,uniform,disabled,configured_initial,1.0,1.0,0.0,300,1.7770085852730915,3.1577595121342736,0.0016,3.156159512134274,0.0,0.0,False,1.0,0.0,1.0,0.0
12,3973,high_dynamic_chicane_l56__high_mass_seen,340,-3680.1328717159204,False,False,5.425768582538252,3973,uniform,disabled,configured_initial,1.0,1.0,0.0,340,2.315405639217631,5.361103274120807,0.0016,5.359503274120807,0.0,0.0,False,1.0,0.0,1.0,0.0
13,4273,high_dynamic_sweep_l56__low_friction_seen,300,-4842.483036999211,False,False,5.898392049695469,4273,uniform,disabled,configured_initial,1.0,1.0,0.0,300,2.830365087581091,8.010966528997916,0.0016,8.009366528997916,0.0,0.0,False,1.0,0.0,1.0,0.0
14,4573,high_dynamic_sweep_l56__nominal_seen,300,-2694.615121541224,False,False,5.8667006833954165,4573,uniform,disabled,configured_initial,1.0,1.0,0.0,300,2.022644259419592,4.091089800163031,0.0016,4.089489800163031,0.0,0.0,False,1.0,0.0,1.0,0.0
15,4913,high_dynamic_chicane_l56__long_delay_seen,340,-4519.400791379107,False,False,6.038349939177253,4913,uniform,disabled,configured_initial,1.0,1.0,0.0,340,2.5553474696223692,6.529800690505446,0.0016,6.528200690505447,0.0,0.0,False,1.0,0.0,1.0,0.0
16,5273,high_dynamic_accel_straight_l56__long_delay_seen,360,-1115.2411139640533,False,False,2.5515814781579116,5273,uniform,disabled,configured_initial,1.0,1.0,0.0,360,1.2472269850723001,1.5555751522925396,0.0016,1.5539751522925396,0.0,0.0,False,1.0,0.0,1.0,0.0
17,5410,high_dynamic_accel_straight_l56__nominal_seen,137,84.5639302867456,True,False,0.24610617628872267,5410,uniform,disabled,configured_initial,1.0,1.0,0.0,137,0.21045270394704838,0.044290340598623995,0.0016,0.042690340598624,0.0,0.0,False,1.0,0.0,1.0,0.0
18,5750,high_dynamic_chicane_l56__nominal_seen,340,-457.63457884390226,False,False,0.397762838820078,5750,uniform,disabled,configured_initial,1.0,1.0,0.0,340,0.7972827897866682,0.6356598468900126,0.0016,0.6340598468900126,0.0,0.0,False,1.0,0.0,1.0,0.0
19,6070,high_dynamic_accel_turn_l56__high_mass_seen,320,-274.60933112828104,False,False,1.0436285468887299,6070,uniform,disabled,configured_initial,1.0,1.0,0.0,320,0.678513823897401,0.46038100921987324,0.0016,0.45878100921987325,0.0,0.0,False,1.0,0.0,1.0,0.0
20,6337,high_dynamic_accel_turn_l56__high_mass_seen,267,-4.3876525037016165,True,False,0.23926338310443057,6337,uniform,disabled,configured_initial,1.0,1.0,0.0,267,0.35815000634197397,0.128271427042756,0.0016,0.126671427042756,0.0,0.0,False,1.0,0.0,1.0,0.0
21,6560,high_dynamic_chicane_l56__nominal_seen,223,61.53330764057965,True,False,0.2446886629385509,6560,uniform,disabled,configured_initial,1.0,1.0,0.0,223,0.28418478885105974,0.08076099421432141,0.0016,0.0791609942143214,0.0,0.0,False,1.0,0.0,1.0,0.0
22,6756,high_dynamic_accel_turn_l56__low_friction_seen,196,89.4366523164605,True,False,0.23350725216440843,6756,uniform,disabled,configured_initial,1.0,1.0,0.0,196,0.23025910832961255,0.05301925696874825,0.0016,0.05141925696874825,0.0,0.0,False,1.0,0.0,1.0,0.0
23,6911,high_dynamic_accel_straight_l56__low_friction_seen,155,92.56773493996586,True,False,0.24753987749042836,6911,uniform,disabled,configured_initial,1.0,1.0,0.0,155,0.15128572513094604,0.02288737062839616,0.0016,0.021287370628396158,0.0,0.0,False,1.0,0.0,1.0,0.0
24,7096,high_dynamic_accel_turn_l56__long_delay_seen,185,106.24756048979953,True,False,0.2434607024173652,7096,uniform,disabled,configured_initial,1.0,1.0,0.0,185,0.1538019977796775,0.023655054521019923,0.0016,0.022055054521019923,0.0,0.0,False,1.0,0.0,1.0,0.0
25,7239,high_dynamic_sweep_l56__high_mass_seen,143,91.14451599383784,True,False,0.23090717133020452,7239,uniform,disabled,configured_initial,1.0,1.0,0.0,143,0.17115532256949786,0.029294144443868866,0.0016,0.027694144443868866,0.0,0.0,False,1.0,0.0,1.0,0.0
26,7437,high_dynamic_chicane_l56__long_delay_seen,198,69.0449230150449,True,False,0.23246142947903686,7437,uniform,disabled,configured_initial,1.0,1.0,0.0,198,0.27379276585297835,0.07496247863342384,0.0016,0.07336247863342384,0.0,0.0,False,1.0,0.0,1.0,0.0
27,7618,high_dynamic_accel_turn_l56__high_mass_seen,181,110.04179687442075,True,False,0.24905055202710552,7618,uniform,disabled,configured_initial,1.0,1.0,0.0,181,0.13490739333179425,0.018200004775579443,0.0016,0.016600004775579442,0.0,0.0,False,1.0,0.0,1.0,0.0
28,7808,high_dynamic_chicane_l56__high_mass_seen,190,76.28076741693445,True,False,0.23361574242472666,7808,uniform,disabled,configured_initial,1.0,1.0,0.0,190,0.25767918012054863,0.06639855986759814,0.0016,0.06479855986759814,0.0,0.0,False,1.0,0.0,1.0,0.0
29,7964,high_dynamic_sweep_l56__low_friction_seen,156,86.27675335330376,True,False,0.22802964483450047,7964,uniform,disabled,configured_initial,1.0,1.0,0.0,156,0.19919099670248078,0.03967705316732771,0.0016,0.038077053167327714,0.0,0.0,False,1.0,0.0,1.0,0.0
30,8324,high_dynamic_accel_straight_l56__long_delay_seen,360,-493.74960798742194,False,False,1.1381335086457027,8324,uniform,disabled,configured_initial,1.0,1.0,0.0,360,0.7769710693073605,0.6036840425406231,0.0016,0.6020840425406231,0.0,0.0,False,1.0,0.0,1.0,0.0
31,8469,high_dynamic_sweep_l56__low_friction_seen,145,90.01746558651794,True,False,0.2472866808507314,8469,uniform,disabled,configured_initial,1.0,1.0,0.0,145,0.17649469902736672,0.031150378784760763,0.0016,0.029550378784760762,0.0,0.0,False,1.0,0.0,1.0,0.0
32,8798,high_dynamic_chicane_l56__high_mass_seen,329,-252.6724923985739,True,False,0.23307339900889978,8798,uniform,disabled,configured_initial,1.0,1.0,0.0,329,0.6365706198452307,0.40522215405014117,0.0016,0.4036221540501412,0.0,0.0,False,1.0,0.0,1.0,0.0
33,9003,high_dynamic_chicane_l56__low_friction_seen,205,47.117358204466406,True,False,0.24118723189668786,9003,uniform,disabled,configured_initial,1.0,1.0,0.0,205,0.334552144547091,0.11192513742105767,0.0016,0.11032513742105766,0.0,0.0,False,1.0,0.0,1.0,0.0
34,9155,high_dynamic_accel_straight_l56__low_friction_seen,152,94.71105943196592,True,False,0.24852156871166192,9155,uniform,disabled,configured_initial,1.0,1.0,0.0,152,0.14189450094454042,0.020134049398300186,0.0016,0.018534049398300185,0.0,0.0,False,1.0,0.0,1.0,0.0
35,9515,high_dynamic_accel_straight_l56__low_friction_seen,360,-397.46684938095365,False,False,1.1723976549417843,9515,uniform,disabled,configured_initial,1.0,1.0,0.0,360,0.6866954927642153,0.4715506997826885,0.0016,0.4699506997826885,0.0,0.0,False,1.0,0.0,1.0,0.0
36,9787,high_dynamic_accel_straight_l56__high_mass_seen,272,-193.3646909626775,True,False,0.24876734868278672,9787,uniform,disabled,configured_initial,1.0,1.0,0.0,272,0.6342737329985378,0.40230316837190044,0.0016,0.40070316837190045,0.0,0.0,False,1.0,0.0,1.0,0.0
37,9917,high_dynamic_accel_straight_l56__high_mass_seen,130,96.08013421738494,True,False,0.23651595157324207,9917,uniform,disabled,configured_initial,1.0,1.0,0.0,130,0.1224531074885689,0.014994763533607007,0.0016,0.013394763533607006,0.0,0.0,False,1.0,0.0,1.0,0.0
38,10067,high_dynamic_sweep_l56__nominal_seen,150,86.68991292704636,True,False,0.23354748550494098,10067,uniform,disabled,configured_initial,1.0,1.0,0.0,150,0.19967320544948966,0.039869388974474104,0.0016,0.03826938897447411,0.0,0.0,False,1.0,0.0,1.0,0.0
39,10249,high_dynamic_chicane_l56__long_delay_seen,182,60.782181066053624,True,False,0.2495245407554199,10249,uniform,disabled,configured_initial,1.0,1.0,0.0,182,0.3164060821030628,0.10011280879181012,0.0016,0.09851280879181011,0.0,0.0,False,1.0,0.0,1.0,0.0
40,10450,high_dynamic_chicane_l56__long_delay_seen,201,64.4932620952235,True,False,0.22519385836667832,10450,uniform,disabled,configured_initial,1.0,1.0,0.0,201,0.2947549370907484,0.08688047293937104,0.0016,0.08528047293937104,0.0,0.0,False,1.0,0.0,1.0,0.0
41,10595,high_dynamic_accel_straight_l56__long_delay_seen,145,93.77575830767466,True,False,0.24361436391648114,10595,uniform,disabled,configured_initial,1.0,1.0,0.0,145,0.14138849320677915,0.019990706011283433,0.0016,0.018390706011283432,0.0,0.0,False,1.0,0.0,1.0,0.0
42,10748,high_dynamic_sweep_l56__long_delay_seen,153,85.93571295377143,True,False,0.2308417295061082,10748,uniform,disabled,configured_initial,1.0,1.0,0.0,153,0.2055089312207631,0.04223392081150034,0.0016,0.04063392081150034,0.0,0.0,False,1.0,0.0,1.0,0.0
43,10937,high_dynamic_chicane_l56__low_friction_seen,189,45.679027643998054,True,False,0.24714612950739662,10937,uniform,disabled,configured_initial,1.0,1.0,0.0,189,0.34898325551932013,0.1217893126328631,0.0016,0.1201893126328631,0.0,0.0,False,1.0,0.0,1.0,0.0
44,11119,high_dynamic_chicane_l56__nominal_seen,182,63.960726325299774,True,False,0.2239333482988448,11119,uniform,disabled,configured_initial,1.0,1.0,0.0,182,0.30416301559931674,0.0925151400584702,0.0016,0.09091514005847019,0.0,0.0,False,1.0,0.0,1.0,0.0
45,11439,high_dynamic_accel_turn_l56__nominal_seen,320,-231.68295816736565,False,False,0.549724474205297,11439,uniform,disabled,configured_initial,1.0,1.0,0.0,320,0.5909070465915797,0.34917113771158326,0.0016,0.34757113771158327,0.0,0.0,False,1.0,0.0,1.0,0.0
46,11625,high_dynamic_chicane_l56__low_friction_seen,186,72.06749994754622,True,False,0.23102171899095564,11625,uniform,disabled,configured_initial,1.0,1.0,0.0,186,0.26945310728030863,0.07260497702301351,0.0016,0.0710049770230135,0.0,0.0,False,1.0,0.0,1.0,0.0
47,11770,high_dynamic_accel_straight_l56__low_friction_seen,145,92.01749066483862,True,False,0.2485418715045726,11770,uniform,disabled,configured_initial,1.0,1.0,0.0,145,0.15802410015490723,0.024971616229768148,0.0016,0.023371616229768147,0.0,0.0,False,1.0,0.0,1.0,0.0
48,11951,high_dynamic_accel_turn_l56__low_friction_seen,181,102.74187500781875,True,False,0.2495058157785454,11951,uniform,disabled,configured_initial,1.0,1.0,0.0,181,0.17901101856663978,0.03204494476826585,0.0016,0.030444944768265852,0.0,0.0,False,1.0,0.0,1.0,0.0
49,12271,high_dynamic_accel_turn_l56__long_delay_seen,320,-270.92537724333386,False,False,0.3736254378804927,12271,uniform,disabled,configured_initial,1.0,1.0,0.0,320,0.6348894841707734,0.4030846571106307,0.0016,0.4014846571106307,0.0,0.0,False,1.0,0.0,1.0,0.0
50,12414,high_dynamic_accel_straight_l56__low_friction_seen,143,91.75111088913987,True,False,0.24932979627817262,12414,uniform,disabled,configured_initial,1.0,1.0,0.0,143,0.16649818858452375,0.027721646801927638,0.0016,0.026121646801927637,0.0,0.0,False,1.0,0.0,1.0,0.0
51,12547,high_dynamic_accel_straight_l56__high_mass_seen,133,92.76610778209931,True,False,0.23832755798874367,12547,uniform,disabled,configured_initial,1.0,1.0,0.0,133,0.15562050975404867,0.024217743056109957,0.0016,0.022617743056109956,0.0,0.0,False,1.0,0.0,1.0,0.0
52,12695,high_dynamic_sweep_l56__high_mass_seen,148,94.40621245972292,True,False,0.21685711416113693,12695,uniform,disabled,configured_initial,1.0,1.0,0.0,148,0.14796877436298797,0.02189475818648485,0.0016,0.020294758186484848,0.0,0.0,False,1.0,0.0,1.0,0.0
53,12867,high_dynamic_accel_turn_l56__high_mass_seen,172,90.96252589315294,True,False,0.24620443813636542,12867,uniform,disabled,configured_initial,1.0,1.0,0.0,172,0.23365841150262007,0.05459625326592773,0.0016,0.05299625326592773,0.0,0.0,False,1.0,0.0,1.0,0.0
54,13042,high_dynamic_accel_turn_l56__nominal_seen,175,98.80567194340692,True,False,0.2412287536992377,13042,uniform,disabled,configured_initial,1.0,1.0,0.0,175,0.1992840693190081,0.03971414028434323,0.0016,0.038114140284343234,0.0,0.0,False,1.0,0.0,1.0,0.0
55,13230,high_dynamic_accel_turn_l56__high_mass_seen,188,73.50873100207035,True,False,0.24868509159268304,13230,uniform,disabled,configured_initial,1.0,1.0,0.0,188,0.2952694544738747,0.08718405074529957,0.0016,0.08558405074529957,0.0,0.0,False,1.0,0.0,1.0,0.0
56,13363,high_dynamic_accel_straight_l56__long_delay_seen,133,92.4717850382973,True,False,0.23858342600953283,13363,uniform,disabled,configured_initial,1.0,1.0,0.0,133,0.16675875115957148,0.027808481088299877,0.0016,0.026208481088299877,0.0,0.0,False,1.0,0.0,1.0,0.0
57,13546,high_dynamic_accel_turn_l56__long_delay_seen,183,87.94424228204537,True,False,0.24751217666006117,13546,uniform,disabled,configured_initial,1.0,1.0,0.0,183,0.2506875051913858,0.06284422525908107,0.0016,0.06124422525908107,0.0,0.0,False,1.0,0.0,1.0,0.0
58,13704,high_dynamic_sweep_l56__low_friction_seen,158,91.48976583045908,True,False,0.23519548260000653,13704,uniform,disabled,configured_initial,1.0,1.0,0.0,158,0.16742046388822354,0.028029611728547964,0.0016,0.026429611728547964,0.0,0.0,False,1.0,0.0,1.0,0.0
59,13906,high_dynamic_chicane_l56__low_friction_seen,202,82.67472025109055,True,False,0.24515462364704155,13906,uniform,disabled,configured_initial,1.0,1.0,0.0,202,0.2189265359010868,0.04792882812164985,0.0016,0.04632882812164985,0.0,0.0,False,1.0,0.0,1.0,0.0
60,14213,high_dynamic_accel_turn_l56__nominal_seen,307,-130.28071725616883,True,False,0.23501972481605798,14213,uniform,disabled,configured_initial,1.0,1.0,0.0,307,0.5301259225511836,0.28103349376074355,0.0016,0.27943349376074356,0.0,0.0,False,1.0,0.0,1.0,0.0
61,14401,high_dynamic_chicane_l56__long_delay_seen,188,83.31622391090384,True,False,0.24027227536346288,14401,uniform,disabled,configured_initial,1.0,1.0,0.0,188,0.21851338409199203,0.047748099027334436,0.0016,0.04614809902733444,0.0,0.0,False,1.0,0.0,1.0,0.0
62,14721,high_dynamic_accel_turn_l56__low_friction_seen,320,-143.52051187212467,False,False,0.3106632182284053,14721,uniform,disabled,configured_initial,1.0,1.0,0.0,320,0.48420115391647706,0.2344507574540479,0.0016,0.2328507574540479,0.0,0.0,False,1.0,0.0,1.0,0.0
63,14908,high_dynamic_chicane_l56__high_mass_seen,187,85.0824102985437,True,False,0.2237596166185084,14908,uniform,disabled,configured_initial,1.0,1.0,0.0,187,0.21415341977757177,0.04586168720242887,0.0016,0.04426168720242887,0.0,0.0,False,1.0,0.0,1.0,0.0
64,15095,high_dynamic_chicane_l56__long_delay_seen,187,79.61491640121088,True,False,0.21856567239152377,15095,uniform,disabled,configured_initial,1.0,1.0,0.0,187,0.2391518082526413,0.0571935873905081,0.0016,0.055593587390508105,0.0,0.0,False,1.0,0.0,1.0,0.0
65,15255,high_dynamic_sweep_l56__low_friction_seen,160,90.44794528036178,True,False,0.2486360171209355,15255,uniform,disabled,configured_initial,1.0,1.0,0.0,160,0.17315746036049345,0.02998350607849586,0.0016,0.02838350607849586,0.0,0.0,False,1.0,0.0,1.0,0.0
66,15413,high_dynamic_sweep_l56__high_mass_seen,158,92.21323615092646,True,False,0.2240611558111923,15413,uniform,disabled,configured_initial,1.0,1.0,0.0,158,0.16320630233941538,0.026636297123304665,0.0016,0.025036297123304664,0.0,0.0,False,1.0,0.0,1.0,0.0
67,15604,high_dynamic_chicane_l56__high_mass_seen,191,85.48865167009221,True,False,0.2435655038667268,15604,uniform,disabled,configured_initial,1.0,1.0,0.0,191,0.20892119296154377,0.043648064868474605,0.0016,0.04204806486847461,0.0,0.0,False,1.0,0.0,1.0,0.0
68,15732,high_dynamic_accel_straight_l56__nominal_seen,128,93.1334786126836,True,False,0.24442415222916736,15732,uniform,disabled,configured_initial,1.0,1.0,0.0,128,0.15463137222420362,0.02391086127594021,0.0016,0.02231086127594021,0.0,0.0,False,1.0,0.0,1.0,0.0
69,15929,high_dynamic_accel_turn_l56__long_delay_seen,197,107.39865087134336,True,False,0.24889964431850597,15929,uniform,disabled,configured_initial,1.0,1.0,0.0,197,0.14162027399193639,0.020056302005551134,0.0016,0.018456302005551133,0.0,0.0,False,1.0,0.0,1.0,0.0
70,16122,high_dynamic_chicane_l56__long_delay_seen,193,90.99859772501951,True,False,0.24274696024048387,16122,uniform,disabled,configured_initial,1.0,1.0,0.0,193,0.18676027821961433,0.03487940152066775,0.0016,0.03327940152066775,0.0,0.0,False,1.0,0.0,1.0,0.0
71,16270,high_dynamic_sweep_l56__long_delay_seen,148,97.45008985882819,True,False,0.23781953432986216,16270,uniform,disabled,configured_initial,1.0,1.0,0.0,148,0.11721560561610256,0.013739498199949693,0.0016,0.012139498199949693,0.0,0.0,False,1.0,0.0,1.0,0.0
72,16483,high_dynamic_accel_turn_l56__long_delay_seen,213,107.13538083857222,True,False,0.2475769934044124,16483,uniform,disabled,configured_initial,1.0,1.0,0.0,213,0.14202365782269655,0.020170719381338395,0.0016,0.018570719381338394,0.0,0.0,False,1.0,0.0,1.0,0.0
73,16608,high_dynamic_accel_straight_l56__nominal_seen,125,97.26875628169347,True,False,0.23484298275334098,16608,uniform,disabled,configured_initial,1.0,1.0,0.0,125,0.10841448326725885,0.011753700182106749,0.0016,0.010153700182106748,0.0,0.0,False,1.0,0.0,1.0,0.0
74,16733,high_dynamic_accel_straight_l56__long_delay_seen,125,97.46661105320393,True,False,0.24241877381408777,16733,uniform,disabled,configured_initial,1.0,1.0,0.0,125,0.10395398372330603,0.010806430731945375,0.0016,0.009206430731945374,0.0,0.0,False,1.0,0.0,1.0,0.0
75,16882,high_dynamic_sweep_l56__nominal_seen,149,98.33212113126524,True,False,0.2202892193204785,16882,uniform,disabled,configured_initial,1.0,1.0,0.0,149,0.10958067631855697,0.012007924622432352,0.0016,0.010407924622432351,0.0,0.0,False,1.0,0.0,1.0,0.0
76,17070,high_dynamic_chicane_l56__long_delay_seen,188,90.94636766181358,True,False,0.22967334252148938,17070,uniform,disabled,configured_initial,1.0,1.0,0.0,188,0.18433353192716215,0.0339788509927421,0.0016,0.032378850992742104,0.0,0.0,False,1.0,0.0,1.0,0.0
77,17261,high_dynamic_chicane_l56__long_delay_seen,191,91.65839425860509,True,False,0.23695753523726787,17261,uniform,disabled,configured_initial,1.0,1.0,0.0,191,0.18076772721836354,0.03267697120369269,0.0016,0.031076971203692686,0.0,0.0,False,1.0,0.0,1.0,0.0
78,17460,high_dynamic_chicane_l56__high_mass_seen,199,92.91350901736973,True,False,0.22921122636130425,17460,uniform,disabled,configured_initial,1.0,1.0,0.0,199,0.17112108234163279,0.029282424821771864,0.0016,0.027682424821771863,0.0,0.0,False,1.0,0.0,1.0,0.0
79,17657,high_dynamic_chicane_l56__high_mass_seen,197,92.62279831659404,True,False,0.24351125618960573,17657,uniform,disabled,configured_initial,1.0,1.0,0.0,197,0.1663999059754907,0.027688928708652142,0.0016,0.02608892870865214,0.0,0.0,False,1.0,0.0,1.0,0.0
80,17814,high_dynamic_sweep_l56__low_friction_seen,157,99.86721279313215,True,False,0.24661199166729025,17814,uniform,disabled,configured_initial,1.0,1.0,0.0,157,0.07981255929920684,0.006370044621889409,0.0016,0.004770044621889409,0.0,0.0,False,1.0,0.0,1.0,0.0
81,18004,high_dynamic_accel_turn_l56__nominal_seen,190,109.8042985967655,True,False,0.24134746469910173,18004,uniform,disabled,configured_initial,1.0,1.0,0.0,190,0.12111812800620017,0.01466960093172629,0.0016,0.013069600931726289,0.0,0.0,False,1.0,0.0,1.0,0.0
82,18129,high_dynamic_accel_straight_l56__high_mass_seen,125,99.93198277128138,True,False,0.23911365684527663,18129,uniform,disabled,configured_initial,1.0,1.0,0.0,125,0.04740255490432741,0.0022470022114577746,0.0016,0.0006470022114577745,0.0,0.0,False,1.0,0.0,1.0,0.0
83,18322,high_dynamic_chicane_l56__nominal_seen,193,92.02808363307686,True,False,0.23865876585946333,18322,uniform,disabled,configured_initial,1.0,1.0,0.0,193,0.16820981154530823,0.028294540700108114,0.0016,0.026694540700108113,0.0,0.0,False,1.0,0.0,1.0,0.0
84,18511,high_dynamic_chicane_l56__high_mass_seen,189,96.04115153666137,True,False,0.2319357753548007,18511,uniform,disabled,configured_initial,1.0,1.0,0.0,189,0.15772763457553335,0.024878006708792987,0.0016,0.023278006708792987,0.0,0.0,False,1.0,0.0,1.0,0.0
85,18661,high_dynamic_sweep_l56__long_delay_seen,150,100.45578336088548,True,False,0.24603833055896782,18661,uniform,disabled,configured_initial,1.0,1.0,0.0,150,0.07771877707572203,0.006040208310145776,0.0016,0.004440208310145776,0.0,0.0,False,1.0,0.0,1.0,0.0
86,18824,high_dynamic_sweep_l56__low_friction_seen,163,99.74866522545427,True,False,0.2298427390850834,18824,uniform,disabled,configured_initial,1.0,1.0,0.0,163,0.08104773612496356,0.006568735530981723,0.0016,0.004968735530981723,0.0,0.0,False,1.0,0.0,1.0,0.0
87,19019,high_dynamic_accel_turn_l56__high_mass_seen,195,109.21200473659643,True,False,0.2251833873859209,19019,uniform,disabled,configured_initial,1.0,1.0,0.0,195,0.12183685546245189,0.014844219348978392,0.0016,0.013244219348978391,0.0,0.0,False,1.0,0.0,1.0,0.0
88,19158,high_dynamic_accel_straight_l56__low_friction_seen,139,99.00996894736814,True,False,0.23189402107090093,19158,uniform,disabled,configured_initial,1.0,1.0,0.0,139,0.05914609219751417,0.003498260222236846,0.0016,0.001898260222236846,0.0,0.0,False,1.0,0.0,1.0,0.0
89,19363,high_dynamic_accel_turn_l56__long_delay_seen,205,108.822615191294,True,False,0.24059124407453603,19363,uniform,disabled,configured_initial,1.0,1.0,0.0,205,0.1220827905073018,0.014904207738049739,0.0016,0.013304207738049738,0.0,0.0,False,1.0,0.0,1.0,0.0
90,19518,high_dynamic_sweep_l56__long_delay_seen,155,100.22071355318823,True,False,0.2450868430081456,19518,uniform,disabled,configured_initial,1.0,1.0,0.0,155,0.07859704435496193,0.0061774953813358525,0.0016,0.004577495381335853,0.0,0.0,False,1.0,0.0,1.0,0.0
91,19733,high_dynamic_accel_turn_l56__nominal_seen,215,108.6033292503806,True,False,0.24706395196329065,19733,uniform,disabled,configured_initial,1.0,1.0,0.0,215,0.1175168061441897,0.013810199726331062,0.0016,0.012210199726331061,0.0,0.0,False,1.0,0.0,1.0,0.0
92,19862,high_dynamic_accel_straight_l56__high_mass_seen,129,99.68627100695332,True,False,0.24974399095477337,19862,uniform,disabled,configured_initial,1.0,1.0,0.0,129,0.03703336485788988,0.0013714701126975935,0.0016,-0.00022852988730240656,0.0,0.0,True,1.0,0.0,1.0,0.0
93,20077,high_dynamic_chicane_l56__long_delay_seen,215,96.44976489666368,True,False,0.2293206989358414,20077,uniform,disabled,configured_initial,1.0,1.0,0.0,215,0.14273109834713307,0.020372166435378973,0.0016,0.018772166435378972,0.0,0.0,False,1.0,0.0,1.0,0.0
94,20294,high_dynamic_accel_turn_l56__high_mass_seen,217,104.98628600082407,True,False,0.24665784775754634,20294,uniform,disabled,configured_initial,1.0,1.0,0.0,217,0.1357139983011612,0.018418289334887587,0.0016,0.016818289334887587,0.0,0.0,False,1.0,0.0,1.0,0.0
95,20515,high_dynamic_accel_turn_l56__long_delay_seen,221,101.73546747720428,True,False,0.2451285653432728,20515,uniform,disabled,configured_initial,1.0,1.0,0.0,221,0.15123166079037248,0.022871015225414286,0.0016,0.021271015225414285,0.0,0.0,False,1.0,0.0,1.0,0.0
96,20651,high_dynamic_accel_straight_l56__high_mass_seen,136,99.86919435885676,True,False,0.23970751711463464,20651,uniform,disabled,configured_initial,1.0,1.0,0.0,136,0.03200166261495913,0.001024106410121673,0.0016,-0.000575893589878327,0.0,0.0,True,1.0,0.0,1.0,0.0
97,20906,high_dynamic_accel_turn_l56__nominal_seen,255,98.89712675990866,True,False,0.236822854733104,20906,uniform,disabled,configured_initial,1.0,1.0,0.0,255,0.1558219379817524,0.024280476356389087,0.0016,0.022680476356389086,0.0,0.0,False,1.0,0.0,1.0,0.0
98,21137,high_dynamic_chicane_l56__low_friction_seen,231,89.57611524262249,True,False,0.23893454738063136,21137,uniform,disabled,configured_initial,1.0,1.0,0.0,231,0.16264633805591844,0.026453831283000107,0.0016,0.024853831283000106,0.0,0.0,False,1.0,0.0,1.0,0.0
99,21348,high_dynamic_chicane_l56__low_friction_seen,211,93.64575620651874,True,False,0.23175347030956422,21348,uniform,disabled,configured_initial,1.0,1.0,0.0,211,0.15858775267198374,0.025150075297550284,0.0016,0.023550075297550283,0.0,0.0,False,1.0,0.0,1.0,0.0
100,21531,high_dynamic_accel_straight_l56__low_friction_seen,183,99.11917534263074,True,False,0.24948864585628563,21531,uniform,disabled,configured_initial,1.0,1.0,0.0,183,0.03422052277266227,0.0011710441788342972,0.0016,-0.0004289558211657029,0.0,0.0,True,1.0,0.0,1.0,0.0
101,21687,high_dynamic_sweep_l56__long_delay_seen,156,101.96791712425804,True,False,0.2292859005796099,21687,uniform,disabled,configured_initial,1.0,1.0,0.0,156,0.052500117626264796,0.00275626235077164,0.0016,0.0011562623507716397,0.0,0.0,False,1.0,0.0,1.0,0.0
102,21895,high_dynamic_accel_turn_l56__high_mass_seen,208,115.40411025970327,True,False,0.2491385360548041,21895,uniform,disabled,configured_initial,1.0,1.0,0.0,208,0.062350115255783274,0.0038875368724094585,0.0016,0.0022875368724094586,0.0,0.0,False,1.0,0.0,1.0,0.0
103,22100,high_dynamic_accel_turn_l56__long_delay_seen,205,113.36728094246455,True,False,0.24615421202614812,22100,uniform,disabled,configured_initial,1.0,1.0,0.0,205,0.08418077853177404,0.0070864034742155885,0.0016,0.005486403474215589,0.0,0.0,False,1.0,0.0,1.0,0.0
104,22265,high_dynamic_accel_straight_l56__nominal_seen,165,99.31909954384443,True,False,0.24745112091494942,22265,uniform,disabled,configured_initial,1.0,1.0,0.0,165,0.03460107683099939,0.0011972345178647228,0.0016,-0.00040276548213527726,0.0,0.0,True,1.0,0.0,1.0,0.0
105,22423,high_dynamic_accel_straight_l56__high_mass_seen,158,99.34352932306103,True,False,0.24410608793755223,22423,uniform,disabled,configured_initial,1.0,1.0,0.0,158,0.03739825556811049,0.001398629519537707,0.0016,-0.00020137048046229298,0.0,0.0,True,1.0,0.0,1.0,0.0
106,22618,high_dynamic_accel_turn_l56__nominal_seen,195,112.18562692639637,True,False,0.23723661446630281,22618,uniform,disabled,configured_initial,1.0,1.0,0.0,195,0.09366788303104209,0.008773672311516984,0.0016,0.007173672311516984,0.0,0.0,False,1.0,0.0,1.0,0.0
107,22807,high_dynamic_chicane_l56__nominal_seen,189,98.80817970036053,True,False,0.23793439344304257,22807,uniform,disabled,configured_initial,1.0,1.0,0.0,189,0.14343388902830626,0.020573280521784473,0.0016,0.018973280521784472,0.0,0.0,False,1.0,0.0,1.0,0.0
108,22999,high_dynamic_accel_turn_l56__high_mass_seen,192,116.70327630691531,True,False,0.24362527103859927,22999,uniform,disabled,configured_initial,1.0,1.0,0.0,192,0.05824095255273431,0.0033920085542498493,0.0016,0.0017920085542498492,0.0,0.0,False,1.0,0.0,1.0,0.0
109,23146,high_dynamic_accel_straight_l56__long_delay_seen,147,100.2108224206737,True,False,0.23882934233524883,23146,uniform,disabled,configured_initial,1.0,1.0,0.0,147,0.023656379918409652,0.0005596243108441355,0.0016,-0.0010403756891558646,0.0,0.0,True,1.0,0.0,1.0,0.0
110,23351,high_dynamic_accel_turn_l56__long_delay_seen,205,115.56512926363962,True,False,0.24910666954549232,23351,uniform,disabled,configured_initial,1.0,1.0,0.0,205,0.06621006104196658,0.00438377218318094,0.0016,0.0027837721831809404,0.0,0.0,False,1.0,0.0,1.0,0.0
111,23528,high_dynamic_accel_turn_l56__long_delay_seen,177,115.86884352200804,True,False,0.24968610614287892,23528,uniform,disabled,configured_initial,1.0,1.0,0.0,177,0.07201903724990387,0.005186741726403041,0.0016,0.003586741726403041,0.0,0.0,False,1.0,0.0,1.0,0.0
112,23674,high_dynamic_sweep_l56__high_mass_seen,146,102.18521921892048,True,False,0.2456396739764813,23674,uniform,disabled,configured_initial,1.0,1.0,0.0,146,0.051333400057682436,0.0026351179614820712,0.0016,0.0010351179614820712,0.0,0.0,False,1.0,0.0,1.0,0.0
113,23861,high_dynamic_accel_turn_l56__high_mass_seen,187,117.91196386127424,True,False,0.24834417528550676,23861,uniform,disabled,configured_initial,1.0,1.0,0.0,187,0.036012936299642404,0.0012969315809221013,0.0016,-0.00030306841907789877,0.0,0.0,True,1.0,0.0,1.0,0.0
114,24054,high_dynamic_chicane_l56__nominal_seen,193,97.51301442594047,True,False,0.2434204202276486,24054,uniform,disabled,configured_initial,1.0,1.0,0.0,193,0.1481202579085369,0.021939610802891488,0.0016,0.020339610802891487,0.0,0.0,False,1.0,0.0,1.0,0.0
115,24231,high_dynamic_accel_turn_l56__nominal_seen,177,116.1262681012305,True,False,0.24882799532604438,24231,uniform,disabled,configured_initial,1.0,1.0,0.0,177,0.06952239938838349,0.0048333640167179046,0.0016,0.0032333640167179047,0.0,0.0,False,1.0,0.0,1.0,0.0
116,24367,high_dynamic_accel_straight_l56__nominal_seen,136,99.09567211101341,True,False,0.2360216870676407,24367,uniform,disabled,configured_initial,1.0,1.0,0.0,136,0.053520603314435096,0.002864454979141121,0.0016,0.0012644549791411208,0.0,0.0,False,1.0,0.0,1.0,0.0
117,24547,high_dynamic_accel_turn_l56__long_delay_seen,180,115.79146782451937,True,False,0.24404410477452293,24547,uniform,disabled,configured_initial,1.0,1.0,0.0,180,0.07206369664936134,0.005193176374771173,0.0016,0.0035931763747711733,0.0,0.0,False,1.0,0.0,1.0,0.0
118,24724,high_dynamic_accel_turn_l56__nominal_seen,177,115.76005791626338,True,False,0.24201199399418782,24724,uniform,disabled,configured_initial,1.0,1.0,0.0,177,0.07970993193090828,0.0063536732484300315,0.0016,0.004753673248430032,0.0,0.0,False,1.0,0.0,1.0,0.0
119,24917,high_dynamic_accel_turn_l56__high_mass_seen,193,114.73435233362875,True,False,0.24665598447165019,24917,uniform,disabled,configured_initial,1.0,1.0,0.0,193,0.07916981529757218,0.006267859654251693,0.0016,0.0046678596542516935,0.0,0.0,False,1.0,0.0,1.0,0.0
120,25066,high_dynamic_sweep_l56__nominal_seen,149,102.65490416925428,True,False,0.2367038530711337,25066,uniform,disabled,configured_initial,1.0,1.0,0.0,149,0.04413563870703857,0.0019479546040782416,0.0016,0.00034795460407824157,0.0,0.0,False,1.0,0.0,1.0,0.0
121,25219,high_dynamic_sweep_l56__nominal_seen,153,102.41724638709789,True,False,0.24255699439004588,25219,uniform,disabled,configured_initial,1.0,1.0,0.0,153,0.058635054661290875,0.0034380696351325687,0.0016,0.0018380696351325686,0.0,0.0,False,1.0,0.0,1.0,0.0
122,25347,high_dynamic_accel_straight_l56__nominal_seen,128,99.22284111976339,True,False,0.23056440432771058,25347,uniform,disabled,configured_initial,1.0,1.0,0.0,128,0.06267907024964112,0.003928665847359447,0.0016,0.002328665847359447,0.0,0.0,False,1.0,0.0,1.0,0.0
123,25536,high_dynamic_chicane_l56__long_delay_seen,189,99.77594834575478,True,False,0.23026224729347286,25536,uniform,disabled,configured_initial,1.0,1.0,0.0,189,0.13848361865896386,0.019177712636881325,0.0016,0.017577712636881324,0.0,0.0,False,1.0,0.0,1.0,0.0
124,25688,high_dynamic_sweep_l56__nominal_seen,152,102.25624344899333,True,False,0.24510427601095922,25688,uniform,disabled,configured_initial,1.0,1.0,0.0,152,0.057173125791676375,0.0032687663127908503,0.0016,0.0016687663127908502,0.0,0.0,False,1.0,0.0,1.0,0.0
125,25836,high_dynamic_sweep_l56__nominal_seen,148,101.66750520659416,True,False,0.22643683745213228,25836,uniform,disabled,configured_initial,1.0,1.0,0.0,148,0.0791986444259401,0.006272425278906494,0.0016,0.004672425278906494,0.0,0.0,False,1.0,0.0,1.0,0.0
126,25981,high_dynamic_accel_straight_l56__low_friction_seen,145,96.20323806316676,True,False,0.2437522352959397,25981,uniform,disabled,configured_initial,1.0,1.0,0.0,145,0.09444979549583946,0.008920763869205895,0.0016,0.007320763869205895,0.0,0.0,False,1.0,0.0,1.0,0.0
127,26140,high_dynamic_sweep_l56__low_friction_seen,159,100.28355836842906,True,False,0.24545357336034235,26140,uniform,disabled,configured_initial,1.0,1.0,0.0,159,0.09022275988720523,0.008140146401664288,0.0016,0.006540146401664288,0.0,0.0,False,1.0,0.0,1.0,0.0
128,26328,high_dynamic_chicane_l56__high_mass_seen,188,101.52425982168202,True,False,0.24987603189559107,26328,uniform,disabled,configured_initial,1.0,1.0,0.0,188,0.13172421268604453,0.017351268207758293,0.0016,0.015751268207758292,0.0,0.0,False,1.0,0.0,1.0,0.0
129,26545,high_dynamic_accel_turn_l56__long_delay_seen,217,115.86406741225466,True,False,0.2494758189677848,26545,uniform,disabled,configured_initial,1.0,1.0,0.0,217,0.05374356239257569,0.0028883704986446762,0.0016,0.0012883704986446762,0.0,0.0,False,1.0,0.0,1.0,0.0
130,26714,high_dynamic_sweep_l56__nominal_seen,169,97.9513210682993,True,False,0.24063640766880207,26714,uniform,disabled,configured_initial,1.0,1.0,0.0,169,0.11282910245209715,0.012730406360145835,0.0016,0.011130406360145834,0.0,0.0,False,1.0,0.0,1.0,0.0
131,26862,high_dynamic_accel_straight_l56__nominal_seen,148,98.47558860052717,True,False,0.23988415519877868,26862,uniform,disabled,configured_initial,1.0,1.0,0.0,148,0.07550969428652463,0.0057017139312444095,0.0016,0.00410171393124441,0.0,0.0,False,1.0,0.0,1.0,0.0
132,27014,high_dynamic_accel_straight_l56__low_friction_seen,152,98.523050505812,True,False,0.2452492683490126,27014,uniform,disabled,configured_initial,1.0,1.0,0.0,152,0.06987166157009565,0.004882049090565982,0.0016,0.0032820490905659822,0.0,0.0,False,1.0,0.0,1.0,0.0
133,27215,high_dynamic_chicane_l56__low_friction_seen,201,100.93888938508125,True,False,0.242853658370848,27215,uniform,disabled,configured_initial,1.0,1.0,0.0,201,0.1350557070366581,0.018240044003171616,0.0016,0.016640044003171615,0.0,0.0,False,1.0,0.0,1.0,0.0
134,27413,high_dynamic_accel_turn_l56__nominal_seen,198,116.32888833074566,True,False,0.24702736096939673,27413,uniform,disabled,configured_initial,1.0,1.0,0.0,198,0.05933051572413461,0.0035201100960917837,0.0016,0.0019201100960917837,0.0,0.0,False,1.0,0.0,1.0,0.0
135,27713,high_dynamic_sweep_l56__high_mass_seen,300,17.345592758908587,False,False,0.44323813768696557,27713,uniform,disabled,configured_initial,1.0,1.0,0.0,300,0.2620648324290346,0.06867797639605798,0.0016,0.06707797639605798,0.0,0.0,False,1.0,0.0,1.0,0.0
136,27926,high_dynamic_accel_turn_l56__high_mass_seen,213,115.5387175969351,True,False,0.24958935971824905,27926,uniform,disabled,configured_initial,1.0,1.0,0.0,213,0.06301798595426218,0.003971266553731585,0.0016,0.0023712665537315852,0.0,0.0,False,1.0,0.0,1.0,0.0
137,28111,high_dynamic_chicane_l56__nominal_seen,185,101.75194433871307,True,False,0.2368601698006155,28111,uniform,disabled,configured_initial,1.0,1.0,0.0,185,0.13210709341544624,0.01745228413067744,0.0016,0.01585228413067744,0.0,0.0,False,1.0,0.0,1.0,0.0
138,28319,high_dynamic_accel_turn_l56__low_friction_seen,208,115.32083518526102,True,False,0.2471908516265696,28319,uniform,disabled,configured_initial,1.0,1.0,0.0,208,0.06642621962947985,0.004412442654263895,0.0016,0.002812442654263895,0.0,0.0,False,1.0,0.0,1.0,0.0
139,28619,high_dynamic_sweep_l56__long_delay_seen,300,-4.396916591056147,False,False,0.5573755736093312,28619,uniform,disabled,configured_initial,1.0,1.0,0.0,300,0.32476848049830565,0.10547456592517833,0.0016,0.10387456592517832,0.0,0.0,False,1.0,0.0,1.0,0.0
140,28919,high_dynamic_sweep_l56__low_friction_seen,300,-11.21136361232122,False,False,0.6065538429356989,28919,uniform,disabled,configured_initial,1.0,1.0,0.0,300,0.34264095245030174,0.11740282229604994,0.0016,0.11580282229604993,0.0,0.0,False,1.0,0.0,1.0,0.0
141,29279,high_dynamic_accel_straight_l56__low_friction_seen,360,12.076540329194586,False,False,0.33982496014394176,29279,uniform,disabled,configured_initial,1.0,1.0,0.0,360,0.240818383406395,0.057993493786469466,0.0016,0.05639349378646947,0.0,0.0,False,1.0,0.0,1.0,0.0
142,29579,high_dynamic_sweep_l56__low_friction_seen,300,-25.133398929615222,False,False,0.6701207786622523,29579,uniform,disabled,configured_initial,1.0,1.0,0.0,300,0.3726935050351324,0.13890044869537224,0.0016,0.13730044869537225,0.0,0.0,False,1.0,0.0,1.0,0.0
143,29879,high_dynamic_sweep_l56__low_friction_seen,300,-33.310730120783155,False,False,0.7458570852129308,29879,uniform,disabled,configured_initial,1.0,1.0,0.0,300,0.39427351041886544,0.1554516010180152,0.0016,0.1538516010180152,0.0,0.0,False,1.0,0.0,1.0,0.0
144,30036,high_dynamic_sweep_l56__low_friction_seen,157,99.26847819956524,True,False,0.24806156960301318,30036,uniform,disabled,configured_initial,1.0,1.0,0.0,157,0.11186615717572654,0.012514037121264355,0.0016,0.010914037121264354,0.0,0.0,False,1.0,0.0,1.0,0.0
145,30336,high_dynamic_sweep_l56__long_delay_seen,300,-55.926370177924596,False,False,0.7807186202746175,30336,uniform,disabled,configured_initial,1.0,1.0,0.0,300,0.437307567732424,0.19123790879604863,0.0016,0.18963790879604864,0.0,0.0,False,1.0,0.0,1.0,0.0
146,30636,high_dynamic_sweep_l56__low_friction_seen,300,-34.374481289129726,False,False,0.6758229692126956,30636,uniform,disabled,configured_initial,1.0,1.0,0.0,300,0.39211478429586855,0.15375400406339554,0.0016,0.15215400406339555,0.0,0.0,False,1.0,0.0,1.0,0.0
147,30936,high_dynamic_sweep_l56__low_friction_seen,300,-17.75787737419042,False,False,0.5933692212766064,30936,uniform,disabled,configured_initial,1.0,1.0,0.0,300,0.352932172577155,0.1245611184400307,0.0016,0.1229611184400307,0.0,0.0,False,1.0,0.0,1.0,0.0
148,31296,high_dynamic_accel_straight_l56__low_friction_seen,360,-63.21690150911381,False,False,0.6696798684684694,31296,uniform,disabled,configured_initial,1.0,1.0,0.0,360,0.4034322861559247,0.16275760951299592,0.0016,0.16115760951299593,0.0,0.0,False,1.0,0.0,1.0,0.0
149,31656,high_dynamic_accel_straight_l56__nominal_seen,360,-89.97388275896817,False,False,0.7006153101962501,31656,uniform,disabled,configured_initial,1.0,1.0,0.0,360,0.44620616295931,0.1990999398628703,0.0016,0.19749993986287032,0.0,0.0,False,1.0,0.0,1.0,0.0
150,31842,high_dynamic_chicane_l56__nominal_seen,186,96.74903511395539,True,False,0.23633831375835554,31842,uniform,disabled,configured_initial,1.0,1.0,0.0,186,0.16356519267749037,0.02675357225562455,0.0016,0.02515357225562455,0.0,0.0,False,1.0,0.0,1.0,0.0
151,32071,high_dynamic_accel_turn_l56__nominal_seen,229,113.58534992579987,True,False,0.24913385145100952,32071,uniform,disabled,configured_initial,1.0,1.0,0.0,229,0.0775275935099693,0.006010527755447034,0.0016,0.004410527755447034,0.0,0.0,False,1.0,0.0,1.0,0.0
152,32371,high_dynamic_sweep_l56__long_delay_seen,300,-34.677607507354516,False,False,0.6266269543957416,32371,uniform,disabled,configured_initial,1.0,1.0,0.0,300,0.3916769335022139,0.15341082023769767,0.0016,0.15181082023769768,0.0,0.0,False,1.0,0.0,1.0,0.0
153,32731,high_dynamic_accel_straight_l56__nominal_seen,360,-53.803462171861895,False,False,0.6088548583738321,32731,uniform,disabled,configured_initial,1.0,1.0,0.0,360,0.386836472571553,0.14964245651160188,0.0016,0.1480424565116019,0.0,0.0,False,1.0,0.0,1.0,0.0
154,32883,high_dynamic_accel_straight_l56__nominal_seen,152,95.62378970493708,True,False,0.24910432053180914,32883,uniform,disabled,configured_initial,1.0,1.0,0.0,152,0.1216485893560067,0.014798379292306344,0.0016,0.013198379292306344,0.0,0.0,False,1.0,0.0,1.0,0.0
155,33100,high_dynamic_accel_turn_l56__long_delay_seen,217,116.57237722237332,True,False,0.247622341209147,33100,uniform,disabled,configured_initial,1.0,1.0,0.0,217,0.05114937110259569,0.002616258164191051,0.0016,0.001016258164191051,0.0,0.0,False,1.0,0.0,1.0,0.0
156,33302,high_dynamic_accel_turn_l56__long_delay_seen,202,117.00358377177827,True,False,0.24743526308804137,33302,uniform,disabled,configured_initial,1.0,1.0,0.0,202,0.054617082453394805,0.002983025695720927,0.0016,0.0013830256957209268,0.0,0.0,False,1.0,0.0,1.0,0.0
157,33458,high_dynamic_accel_straight_l56__high_mass_seen,156,97.19707848471592,True,False,0.24581251028717144,33458,uniform,disabled,configured_initial,1.0,1.0,0.0,156,0.10697821216223097,0.011444337877427302,0.0016,0.0098443378774273,0.0,0.0,False,1.0,0.0,1.0,0.0
158,33639,high_dynamic_chicane_l56__nominal_seen,181,95.39009381767767,True,False,0.2331656128399008,33639,uniform,disabled,configured_initial,1.0,1.0,0.0,181,0.16803336447911033,0.02823521157816954,0.0016,0.02663521157816954,0.0,0.0,False,1.0,0.0,1.0,0.0
159,33794,high_dynamic_sweep_l56__long_delay_seen,155,99.77995919049835,True,False,0.24108044585394883,33794,uniform,disabled,configured_initial,1.0,1.0,0.0,155,0.10078211041328046,0.010157033779354653,0.0016,0.008557033779354652,0.0,0.0,False,1.0,0.0,1.0,0.0
160,33942,high_dynamic_sweep_l56__long_delay_seen,148,100.76592069064722,True,False,0.23909527376588682,33942,uniform,disabled,configured_initial,1.0,1.0,0.0,148,0.08742643836601677,0.007643382125366929,0.0016,0.006043382125366929,0.0,0.0,False,1.0,0.0,1.0,0.0
161,34123,high_dynamic_chicane_l56__nominal_seen,181,100.60075659911193,True,False,0.23039547636671748,34123,uniform,disabled,configured_initial,1.0,1.0,0.0,181,0.1405191539721858,0.01974563263305886,0.0016,0.01814563263305886,0.0,0.0,False,1.0,0.0,1.0,0.0
162,34274,high_dynamic_accel_straight_l56__long_delay_seen,151,99.18658091299815,True,False,0.23150267639770492,34274,uniform,disabled,configured_initial,1.0,1.0,0.0,151,0.05484339801701272,0.0030077983060524745,0.0016,0.0014077983060524744,0.0,0.0,False,1.0,0.0,1.0,0.0
163,34470,high_dynamic_accel_turn_l56__nominal_seen,196,117.3082653618869,True,False,0.24004353860907132,34470,uniform,disabled,configured_initial,1.0,1.0,0.0,196,0.047815516225881,0.002286323591947489,0.0016,0.000686323591947489,0.0,0.0,False,1.0,0.0,1.0,0.0
164,34676,high_dynamic_accel_turn_l56__long_delay_seen,206,116.58360891388244,True,False,0.24447914409276764,34676,uniform,disabled,configured_initial,1.0,1.0,0.0,206,0.05401260264087829,0.0029173612440414123,0.0016,0.0013173612440414123,0.0,0.0,False,1.0,0.0,1.0,0.0
165,34844,high_dynamic_chicane_l56__high_mass_seen,168,101.5479598399328,True,False,0.2293859222424273,34844,uniform,disabled,configured_initial,1.0,1.0,0.0,168,0.14043241559691066,0.019721263350383437,0.0016,0.018121263350383436,0.0,0.0,False,1.0,0.0,1.0,0.0
166,35009,high_dynamic_accel_straight_l56__nominal_seen,165,99.67979647047474,True,False,0.24541297434958526,35009,uniform,disabled,configured_initial,1.0,1.0,0.0,165,0.028408440586323476,0.0008070394965466709,0.0016,-0.0007929605034533292,0.0,0.0,True,1.0,0.0,1.0,0.0
167,35167,high_dynamic_accel_straight_l56__low_friction_seen,158,98.6466180610075,True,False,0.24084018932605064,35167,uniform,disabled,configured_initial,1.0,1.0,0.0,158,0.05319705929831868,0.002829927117988834,0.0016,0.0012299271179888338,0.0,0.0,False,1.0,0.0,1.0,0.0
168,35332,high_dynamic_accel_straight_l56__low_friction_seen,165,98.34679425119286,True,False,0.24522805531631345,35332,uniform,disabled,configured_initial,1.0,1.0,0.0,165,0.06527998795297521,0.004261476827140589,0.0016,0.002661476827140589,0.0,0.0,False,1.0,0.0,1.0,0.0
169,35517,high_dynamic_chicane_l56__nominal_seen,185,99.34525084160282,True,False,0.2421739616755284,35517,uniform,disabled,configured_initial,1.0,1.0,0.0,185,0.14374548810602847,0.020662765350840374,0.0016,0.019062765350840373,0.0,0.0,False,1.0,0.0,1.0,0.0
170,35696,high_dynamic_accel_turn_l56__high_mass_seen,179,117.49886035940676,True,False,0.2492533245010263,35696,uniform,disabled,configured_initial,1.0,1.0,0.0,179,0.0501264315915991,0.0025126591441072647,0.0016,0.0009126591441072647,0.0,0.0,False,1.0,0.0,1.0,0.0
171,35897,high_dynamic_accel_turn_l56__long_delay_seen,201,117.02724274288033,True,False,0.24242019875380563,35897,uniform,disabled,configured_initial,1.0,1.0,0.0,201,0.04825926327047932,0.002328956491409435,0.0016,0.0007289564914094349,0.0,0.0,False,1.0,0.0,1.0,0.0
172,36091,high_dynamic_accel_turn_l56__low_friction_seen,194,116.18902822684262,True,False,0.2404092525345365,36091,uniform,disabled,configured_initial,1.0,1.0,0.0,194,0.06048873109892333,0.003658886589957855,0.0016,0.0020588865899578545,0.0,0.0,False,1.0,0.0,1.0,0.0
173,36261,high_dynamic_chicane_l56__high_mass_seen,170,99.6277730507251,True,False,0.24795176497767463,36261,uniform,disabled,configured_initial,1.0,1.0,0.0,170,0.1497819295589398,0.022434626422399198,0.0016,0.020834626422399197,0.0,0.0,False,1.0,0.0,1.0,0.0
174,36445,high_dynamic_accel_turn_l56__long_delay_seen,184,116.13134327603812,True,False,0.2434914946295365,36445,uniform,disabled,configured_initial,1.0,1.0,0.0,184,0.06462992735092915,0.00417702750938638,0.0016,0.0025770275093863803,0.0,0.0,False,1.0,0.0,1.0,0.0
175,36632,high_dynamic_accel_turn_l56__long_delay_seen,187,115.75703525274636,True,False,0.2408073071686847,36632,uniform,disabled,configured_initial,1.0,1.0,0.0,187,0.07201599210808499,0.005186303119311758,0.0016,0.0035863031193117583,0.0,0.0,False,1.0,0.0,1.0,0.0
176,36812,high_dynamic_accel_turn_l56__high_mass_seen,180,116.55999470088125,True,False,0.24531581171489505,36812,uniform,disabled,configured_initial,1.0,1.0,0.0,180,0.0672921664953301,0.004528235671635227,0.0016,0.002928235671635227,0.0,0.0,False,1.0,0.0,1.0,0.0
177,36997,high_dynamic_accel_turn_l56__high_mass_seen,185,115.35359343659033,True,False,0.24295548374566733,36997,uniform,disabled,configured_initial,1.0,1.0,0.0,185,0.0856810981721722,0.00734125058398941,0.0016,0.0057412505839894105,0.0,0.0,False,1.0,0.0,1.0,0.0
178,37147,high_dynamic_accel_straight_l56__long_delay_seen,150,98.72058634363981,True,False,0.24723807263073547,37147,uniform,disabled,configured_initial,1.0,1.0,0.0,150,0.05724859131581907,0.0032774012076456746,0.0016,0.0016774012076456745,0.0,0.0,False,1.0,0.0,1.0,0.0
179,37320,high_dynamic_accel_turn_l56__nominal_seen,173,116.42538666576658,True,False,0.24833271429020798,37320,uniform,disabled,configured_initial,1.0,1.0,0.0,173,0.06650968617151472,0.004423538354633376,0.0016,0.002823538354633376,0.0,0.0,False,1.0,0.0,1.0,0.0
180,37464,high_dynamic_accel_straight_l56__nominal_seen,144,99.31055083148368,True,False,0.2454193192555523,37464,uniform,disabled,configured_initial,1.0,1.0,0.0,144,0.06023007871493696,0.0036276623820075027,0.0016,0.0020276623820075024,0.0,0.0,False,1.0,0.0,1.0,0.0
181,37637,high_dynamic_accel_turn_l56__long_delay_seen,173,115.05979211728405,True,False,0.24874694614782264,37637,uniform,disabled,configured_initial,1.0,1.0,0.0,173,0.08545891461191384,0.00730322608664638,0.0016,0.00570322608664638,0.0,0.0,False,1.0,0.0,1.0,0.0
182,37773,high_dynamic_sweep_l56__low_friction_seen,136,102.2439228005515,True,False,0.2325000466189522,37773,uniform,disabled,configured_initial,1.0,1.0,0.0,136,0.0620842029458059,0.0038544482554160133,0.0016,0.002254448255416013,0.0,0.0,False,1.0,0.0,1.0,0.0
183,37932,high_dynamic_chicane_l56__nominal_seen,159,101.98225746945388,True,False,0.22677904475592497,37932,uniform,disabled,configured_initial,1.0,1.0,0.0,159,0.1331426020371999,0.017726952477236192,0.0016,0.01612695247723619,0.0,0.0,False,1.0,0.0,1.0,0.0
184,38064,high_dynamic_sweep_l56__nominal_seen,132,102.62034549551448,True,False,0.2362087713012229,38064,uniform,disabled,configured_initial,1.0,1.0,0.0,132,0.05288017129522166,0.002796312516211985,0.0016,0.001196312516211985,0.0,0.0,False,1.0,0.0,1.0,0.0
185,38227,high_dynamic_chicane_l56__nominal_seen,163,103.95965618983959,True,False,0.22714908202088,38227,uniform,disabled,configured_initial,1.0,1.0,0.0,163,0.12408725179034875,0.015397646056881409,0.0016,0.013797646056881408,0.0,0.0,False,1.0,0.0,1.0,0.0
186,38385,high_dynamic_chicane_l56__nominal_seen,158,102.78753195762945,True,False,0.23640624921924325,38385,uniform,disabled,configured_initial,1.0,1.0,0.0,158,0.12944173997034972,0.01675516404655163,0.0016,0.01515516404655163,0.0,0.0,False,1.0,0.0,1.0,0.0
187,38559,high_dynamic_accel_turn_l56__long_delay_seen,174,115.63230324152198,True,False,0.22945220472849118,38559,uniform,disabled,configured_initial,1.0,1.0,0.0,174,0.08426338960775664,0.00710031882818859,0.0016,0.00550031882818859,0.0,0.0,False,1.0,0.0,1.0,0.0
188,38692,high_dynamic_accel_straight_l56__high_mass_seen,133,99.63125237479652,True,False,0.24424723138514345,38692,uniform,disabled,configured_initial,1.0,1.0,0.0,133,0.05205966450033422,0.0027102086678873587,0.0016,0.0011102086678873586,0.0,0.0,False,1.0,0.0,1.0,0.0
189,38859,high_dynamic_accel_turn_l56__long_delay_seen,167,116.50983770959682,True,False,0.22875416684316802,38859,uniform,disabled,configured_initial,1.0,1.0,0.0,167,0.07620518234218726,0.005807229815806009,0.0016,0.004207229815806009,0.0,0.0,False,1.0,0.0,1.0,0.0
190,38986,high_dynamic_sweep_l56__high_mass_seen,127,103.16770066531576,True,False,0.23633011208061477,38986,uniform,disabled,configured_initial,1.0,1.0,0.0,127,0.043909326084270624,0.0019280289171748084,0.0016,0.0003280289171748083,0.0,0.0,False,1.0,0.0,1.0,0.0
191,39133,high_dynamic_accel_straight_l56__low_friction_seen,147,99.2790366228298,True,False,0.2487937666476895,39133,uniform,disabled,configured_initial,1.0,1.0,0.0,147,0.04792844360257926,0.002297135706165621,0.0016,0.0006971357061656208,0.0,0.0,False,1.0,0.0,1.0,0.0
192,39289,high_dynamic_chicane_l56__high_mass_seen,156,100.78923211771041,True,False,0.2452681603353814,39289,uniform,disabled,configured_initial,1.0,1.0,0.0,156,0.14978915026932269,0.02243678953840573,0.0016,0.020836789538405728,0.0,0.0,False,1.0,0.0,1.0,0.0
193,39430,high_dynamic_accel_straight_l56__high_mass_seen,141,99.53676428002998,True,False,0.24400101114309783,39430,uniform,disabled,configured_initial,1.0,1.0,0.0,141,0.05514960701925678,0.0030414791543784563,0.0016,0.0014414791543784563,0.0,0.0,False,1.0,0.0,1.0,0.0
194,39594,high_dynamic_chicane_l56__long_delay_seen,164,101.9611687556498,True,False,0.2286888699636996,39594,uniform,disabled,configured_initial,1.0,1.0,0.0,164,0.13698649924994202,0.018765300976754364,0.0016,0.017165300976754363,0.0,0.0,False,1.0,0.0,1.0,0.0
195,39722,high_dynamic_sweep_l56__nominal_seen,128,103.01061846302838,True,False,0.22705684155712613,39722,uniform,disabled,configured_initial,1.0,1.0,0.0,128,0.04446511881861755,0.0019771467915537765,0.0016,0.0003771467915537764,0.0,0.0,False,1.0,0.0,1.0,0.0
196,39886,high_dynamic_accel_turn_l56__long_delay_seen,164,114.19083480794042,True,False,0.23546027646199943,39886,uniform,disabled,configured_initial,1.0,1.0,0.0,164,0.10259355056972592,0.010525436618502911,0.0016,0.00892543661850291,0.0,0.0,False,1.0,0.0,1.0,0.0
197,40047,high_dynamic_accel_turn_l56__long_delay_seen,161,115.67026290083638,True,False,0.22417827608487637,40047,uniform,disabled,configured_initial,1.0,1.0,0.0,161,0.08806651967421815,0.007755711887529452,0.0016,0.006155711887529452,0.0,0.0,False,1.0,0.0,1.0,0.0
198,40175,high_dynamic_sweep_l56__nominal_seen,128,103.06755889416718,True,False,0.23193613283485023,40175,uniform,disabled,configured_initial,1.0,1.0,0.0,128,0.046100690910298815,0.002125273702406908,0.0016,0.0005252737024069077,0.0,0.0,False,1.0,0.0,1.0,0.0
199,40335,high_dynamic_accel_turn_l56__nominal_seen,160,114.57033653422107,True,False,0.23342077408281245,40335,uniform,disabled,configured_initial,1.0,1.0,0.0,160,0.09493220907837664,0.009012124320500615,0.0016,0.007412124320500616,0.0,0.0,False,1.0,0.0,1.0,0.0
200,40474,high_dynamic_accel_straight_l56__long_delay_seen,139,98.93223370502653,True,False,0.2475986174137678,40474,uniform,disabled,configured_initial,1.0,1.0,0.0,139,0.0600169384928954,0.0036020329060599894,0.0016,0.002002032906059989,0.0,0.0,False,1.0,0.0,1.0,0.0
201,40606,high_dynamic_sweep_l56__long_delay_seen,132,103.0108302562782,True,False,0.21962858488393125,40606,uniform,disabled,configured_initial,1.0,1.0,0.0,132,0.046988094840122695,0.0022078810567043652,0.0016,0.0006078810567043652,0.0,0.0,False,1.0,0.0,1.0,0.0
202,40743,high_dynamic_accel_straight_l56__nominal_seen,137,98.59337115687387,True,False,0.2468053786227173,40743,uniform,disabled,configured_initial,1.0,1.0,0.0,137,0.06288528996069895,0.003954559693441184,0.0016,0.002354559693441184,0.0,0.0,False,1.0,0.0,1.0,0.0
203,40916,high_dynamic_accel_turn_l56__low_friction_seen,173,113.53529688219075,True,False,0.23270958855393836,40916,uniform,disabled,configured_initial,1.0,1.0,0.0,173,0.1034941912059541,0.010711047613374587,0.0016,0.009111047613374586,0.0,0.0,False,1.0,0.0,1.0,0.0
204,41065,high_dynamic_accel_turn_l56__high_mass_seen,149,114.93659978747212,True,False,0.24693686926697964,41065,uniform,disabled,configured_initial,1.0,1.0,0.0,149,0.09248086668097334,0.008552710702063966,0.0016,0.006952710702063966,0.0,0.0,False,1.0,0.0,1.0,0.0
205,41219,high_dynamic_chicane_l56__long_delay_seen,154,103.9525333283407,True,False,0.24720927001711476,41219,uniform,disabled,configured_initial,1.0,1.0,0.0,154,0.12560916918398465,0.01577766338309088,0.0016,0.014177663383090879,0.0,0.0,False,1.0,0.0,1.0,0.0
206,41347,high_dynamic_sweep_l56__long_delay_seen,128,101.4580398223957,True,False,0.23659668778313228,41347,uniform,disabled,configured_initial,1.0,1.0,0.0,128,0.06947906214700425,0.004827340076827278,0.0016,0.0032273400768272785,0.0,0.0,False,1.0,0.0,1.0,0.0
207,41479,high_dynamic_sweep_l56__low_friction_seen,132,100.86863246213532,True,False,0.21937158052540656,41479,uniform,disabled,configured_initial,1.0,1.0,0.0,132,0.07785084753140833,0.0060607544613585865,0.0016,0.004460754461358587,0.0,0.0,False,1.0,0.0,1.0,0.0
208,41614,high_dynamic_accel_straight_l56__long_delay_seen,135,99.3769024721982,True,False,0.24625649259418647,41614,uniform,disabled,configured_initial,1.0,1.0,0.0,135,0.040219262185112514,0.0016175890507148217,0.0016,1.7589050714821594e-05,0.0,0.0,False,1.0,0.0,1.0,0.0
209,41771,high_dynamic_accel_turn_l56__nominal_seen,157,113.17245268599089,True,False,0.230448502757708,41771,uniform,disabled,configured_initial,1.0,1.0,0.0,157,0.10757953262042635,0.011573355838829378,0.0016,0.009973355838829377,0.0,0.0,False,1.0,0.0,1.0,0.0
210,41898,high_dynamic_sweep_l56__long_delay_seen,127,101.62227267345354,True,False,0.23876498533107693,41898,uniform,disabled,configured_initial,1.0,1.0,0.0,127,0.07307425734110921,0.005339847085954653,0.0016,0.0037398470859546533,0.0,0.0,False,1.0,0.0,1.0,0.0
211,42058,high_dynamic_chicane_l56__low_friction_seen,160,103.7497978704942,True,False,0.22230313851231195,42058,uniform,disabled,configured_initial,1.0,1.0,0.0,160,0.12038738873029979,0.014493123365300314,0.0016,0.012893123365300314,0.0,0.0,False,1.0,0.0,1.0,0.0
212,42214,high_dynamic_accel_turn_l56__long_delay_seen,156,115.61322488056629,True,False,0.24645112377426406,42214,uniform,disabled,configured_initial,1.0,1.0,0.0,156,0.08177250929372659,0.006686743276192601,0.0016,0.005086743276192601,0.0,0.0,False,1.0,0.0,1.0,0.0
213,42374,high_dynamic_chicane_l56__low_friction_seen,160,101.66250628210926,True,False,0.24630594895970273,42374,uniform,disabled,configured_initial,1.0,1.0,0.0,160,0.1367666092298034,0.018705105400217747,0.0016,0.017105105400217747,0.0,0.0,False,1.0,0.0,1.0,0.0
214,42507,high_dynamic_sweep_l56__low_friction_seen,133,101.93116576067203,True,False,0.2468036428056242,42507,uniform,disabled,configured_initial,1.0,1.0,0.0,133,0.06175957558842287,0.0038142451768621182,0.0016,0.002214245176862118,0.0,0.0,False,1.0,0.0,1.0,0.0
215,42663,high_dynamic_chicane_l56__long_delay_seen,156,104.86930555533785,True,False,0.24506136439583667,42663,uniform,disabled,configured_initial,1.0,1.0,0.0,156,0.1177088483208495,0.013855372973020755,0.0016,0.012255372973020755,0.0,0.0,False,1.0,0.0,1.0,0.0
216,42814,high_dynamic_accel_turn_l56__nominal_seen,151,114.90085688172361,True,False,0.23920163318439217,42814,uniform,disabled,configured_initial,1.0,1.0,0.0,151,0.09493539434137084,0.009012729098751587,0.0016,0.0074127290987515875,0.0,0.0,False,1.0,0.0,1.0,0.0
217,42964,high_dynamic_accel_turn_l56__high_mass_seen,150,112.59277865072934,True,False,0.23692000669378524,42964,uniform,disabled,configured_initial,1.0,1.0,0.0,150,0.11923036302285399,0.014215879466561547,0.0016,0.012615879466561546,0.0,0.0,False,1.0,0.0,1.0,0.0
218,43116,high_dynamic_accel_turn_l56__long_delay_seen,152,113.72437101644734,True,False,0.24074752179103703,43116,uniform,disabled,configured_initial,1.0,1.0,0.0,152,0.10870738164647711,0.011817294824432828,0.0016,0.010217294824432828,0.0,0.0,False,1.0,0.0,1.0,0.0
219,43246,high_dynamic_sweep_l56__long_delay_seen,130,102.00780646996328,True,False,0.24708419472275397,43246,uniform,disabled,configured_initial,1.0,1.0,0.0,130,0.060845238637178715,0.0037021430648152254,0.0016,0.002102143064815225,0.0,0.0,False,1.0,0.0,1.0,0.0
220,43399,high_dynamic_accel_turn_l56__nominal_seen,153,114.61016214974313,True,False,0.24548391745697942,43399,uniform,disabled,configured_initial,1.0,1.0,0.0,153,0.09717301319692695,0.00944259449377014,0.0016,0.007842594493770139,0.0,0.0,False,1.0,0.0,1.0,0.0
221,43564,high_dynamic_chicane_l56__low_friction_seen,165,102.37585669595025,True,False,0.24258927238046735,43564,uniform,disabled,configured_initial,1.0,1.0,0.0,165,0.13193901912466052,0.017407904767577535,0.0016,0.015807904767577534,0.0,0.0,False,1.0,0.0,1.0,0.0
222,43698,high_dynamic_sweep_l56__low_friction_seen,134,100.99145004482065,True,False,0.23834015090007404,43698,uniform,disabled,configured_initial,1.0,1.0,0.0,134,0.07552294229190433,0.0057037148124263115,0.0016,0.004103714812426312,0.0,0.0,False,1.0,0.0,1.0,0.0
223,43821,high_dynamic_sweep_l56__high_mass_seen,123,100.25320498288661,True,False,0.2307195184562014,43821,uniform,disabled,configured_initial,1.0,1.0,0.0,123,0.08704058750458289,0.007576063873142951,0.0016,0.005976063873142951,0.0,0.0,False,1.0,0.0,1.0,0.0
224,43990,high_dynamic_chicane_l56__low_friction_seen,169,101.69827945469805,True,False,0.24916513742214602,43990,uniform,disabled,configured_initial,1.0,1.0,0.0,169,0.1342243704704424,0.018016181628186564,0.0016,0.016416181628186564,0.0,0.0,False,1.0,0.0,1.0,0.0
225,44134,high_dynamic_accel_straight_l56__low_friction_seen,144,98.01626255584333,True,False,0.2420951618359968,44134,uniform,disabled,configured_initial,1.0,1.0,0.0,144,0.07291566547393173,0.00531669427150632,0.0016,0.0037166942715063205,0.0,0.0,False,1.0,0.0,1.0,0.0
226,44290,high_dynamic_accel_turn_l56__low_friction_seen,156,114.54746402972876,True,False,0.22183668666551462,44290,uniform,disabled,configured_initial,1.0,1.0,0.0,156,0.09590238834800019,0.009197268090850643,0.0016,0.007597268090850643,0.0,0.0,False,1.0,0.0,1.0,0.0
227,44417,high_dynamic_sweep_l56__nominal_seen,127,101.47367139920783,True,False,0.2418256068746961,44417,uniform,disabled,configured_initial,1.0,1.0,0.0,127,0.07356795651331169,0.005412244225544521,0.0016,0.0038122442255445208,0.0,0.0,False,1.0,0.0,1.0,0.0
228,44570,high_dynamic_accel_turn_l56__long_delay_seen,153,116.14030733808966,True,False,0.23370443510113667,44570,uniform,disabled,configured_initial,1.0,1.0,0.0,153,0.08206144904333554,0.006734081419091955,0.0016,0.005134081419091955,0.0,0.0,False,1.0,0.0,1.0,0.0
229,44701,high_dynamic_accel_straight_l56__high_mass_seen,131,98.85421483236621,True,False,0.24708977435498664,44701,uniform,disabled,configured_initial,1.0,1.0,0.0,131,0.0661103213241327,0.004370574585580075,0.0016,0.0027705745855800754,0.0,0.0,False,1.0,0.0,1.0,0.0
230,44834,high_dynamic_sweep_l56__low_friction_seen,133,102.1497341270923,True,False,0.2409578908433992,44834,uniform,disabled,configured_initial,1.0,1.0,0.0,133,0.056334431419776634,0.0031735681633895166,0.0016,0.0015735681633895166,0.0,0.0,False,1.0,0.0,1.0,0.0
231,44967,high_dynamic_accel_straight_l56__nominal_seen,133,99.76880191833898,True,False,0.23799620944065195,44967,uniform,disabled,configured_initial,1.0,1.0,0.0,133,0.059732041274068726,0.00356791675476705,0.0016,0.00196791675476705,0.0,0.0,False,1.0,0.0,1.0,0.0
232,45110,high_dynamic_accel_straight_l56__low_friction_seen,143,98.95819690063402,True,False,0.24295719445932146,45110,uniform,disabled,configured_initial,1.0,1.0,0.0,143,0.07370027872775484,0.005431731084548751,0.0016,0.0038317310845487514,0.0,0.0,False,1.0,0.0,1.0,0.0
233,45236,high_dynamic_sweep_l56__nominal_seen,126,101.86476644789867,True,False,0.239068437274051,45236,uniform,disabled,configured_initial,1.0,1.0,0.0,126,0.06290022994561967,0.0039564389272118295,0.0016,0.0023564389272118296,0.0,0.0,False,1.0,0.0,1.0,0.0
234,45379,high_dynamic_accel_straight_l56__low_friction_seen,143,98.7602772776111,True,False,0.24837349754251023,45379,uniform,disabled,configured_initial,1.0,1.0,0.0,143,0.06842998245449392,0.0046826624987223444,0.0016,0.0030826624987223446,0.0,0.0,False,1.0,0.0,1.0,0.0
235,45544,high_dynamic_accel_turn_l56__low_friction_seen,165,115.11279110939233,True,False,0.23755761006916506,45544,uniform,disabled,configured_initial,1.0,1.0,0.0,165,0.08434854048801775,0.00711467628245877,0.0016,0.00551467628245877,0.0,0.0,False,1.0,0.0,1.0,0.0
236,45697,high_dynamic_chicane_l56__high_mass_seen,153,105.20239827621089,True,False,0.24143893915715728,45697,uniform,disabled,configured_initial,1.0,1.0,0.0,153,0.11712293272329011,0.013717781369704342,0.0016,0.012117781369704341,0.0,0.0,False,1.0,0.0,1.0,0.0
237,45829,high_dynamic_accel_straight_l56__nominal_seen,132,98.9291647991123,True,False,0.24688594901163657,45829,uniform,disabled,configured_initial,1.0,1.0,0.0,132,0.07677291793740727,0.005894080928623871,0.0016,0.004294080928623871,0.0,0.0,False,1.0,0.0,1.0,0.0
238,45990,high_dynamic_chicane_l56__high_mass_seen,161,106.83896184519693,True,False,0.24990497958425179,45990,uniform,disabled,configured_initial,1.0,1.0,0.0,161,0.10326546541501243,0.010663756347379129,0.0016,0.009063756347379128,0.0,0.0,False,1.0,0.0,1.0,0.0
239,46142,high_dynamic_accel_turn_l56__long_delay_seen,152,117.06205496151176,True,False,0.22073938827431272,46142,uniform,disabled,configured_initial,1.0,1.0,0.0,152,0.07679106403499043,0.005896867515626002,0.0016,0.004296867515626002,0.0,0.0,False,1.0,0.0,1.0,0.0
240,46301,high_dynamic_accel_turn_l56__low_friction_seen,159,115.39122686700037,True,False,0.23259224244767782,46301,uniform,disabled,configured_initial,1.0,1.0,0.0,159,0.07909810421338066,0.006256510090150828,0.0016,0.004656510090150828,0.0,0.0,False,1.0,0.0,1.0,0.0
241,46456,high_dynamic_chicane_l56__long_delay_seen,155,106.72388101776588,True,False,0.24710065173193937,46456,uniform,disabled,configured_initial,1.0,1.0,0.0,155,0.10585157910606821,0.011204556799248215,0.0016,0.009604556799248215,0.0,0.0,False,1.0,0.0,1.0,0.0
242,46579,high_dynamic_accel_straight_l56__nominal_seen,123,98.83516037873005,True,False,0.23076026392501314,46579,uniform,disabled,configured_initial,1.0,1.0,0.0,123,0.08973594024798445,0.008052538972189837,0.0016,0.006452538972189837,0.0,0.0,False,1.0,0.0,1.0,0.0
243,46727,high_dynamic_accel_turn_l56__nominal_seen,148,115.91762925751075,True,False,0.22510242023310126,46727,uniform,disabled,configured_initial,1.0,1.0,0.0,148,0.09020306884181238,0.008136593628480742,0.0016,0.0065365936284807425,0.0,0.0,False,1.0,0.0,1.0,0.0
244,46883,high_dynamic_accel_turn_l56__low_friction_seen,156,116.21712988343953,True,False,0.23305920100253988,46883,uniform,disabled,configured_initial,1.0,1.0,0.0,156,0.08174201072876491,0.0066817563179815175,0.0016,0.005081756317981518,0.0,0.0,False,1.0,0.0,1.0,0.0
245,47044,high_dynamic_chicane_l56__low_friction_seen,161,104.7353308246273,True,False,0.2401012649529807,47044,uniform,disabled,configured_initial,1.0,1.0,0.0,161,0.11817252718065015,0.013964746180261499,0.0016,0.012364746180261498,0.0,0.0,False,1.0,0.0,1.0,0.0
246,47199,high_dynamic_accel_turn_l56__high_mass_seen,155,116.81595180411782,True,False,0.22382820496639072,47199,uniform,disabled,configured_initial,1.0,1.0,0.0,155,0.07936507368812393,0.006298814921521341,0.0016,0.004698814921521341,0.0,0.0,False,1.0,0.0,1.0,0.0
247,47347,high_dynamic_accel_turn_l56__high_mass_seen,148,116.49279440818137,True,False,0.2398832591407278,47347,uniform,disabled,configured_initial,1.0,1.0,0.0,148,0.0794725006384822,0.006315878357733553,0.0016,0.0047158783577335535,0.0,0.0,False,1.0,0.0,1.0,0.0
248,47508,high_dynamic_chicane_l56__low_friction_seen,161,106.95508703445358,True,False,0.24386771037702495,47508,uniform,disabled,configured_initial,1.0,1.0,0.0,161,0.09702386493684426,0.009413630367282997,0.0016,0.007813630367282996,0.0,0.0,False,1.0,0.0,1.0,0.0
249,47664,high_dynamic_accel_turn_l56__low_friction_seen,156,114.38985651102888,True,False,0.24834195917334415,47664,uniform,disabled,configured_initial,1.0,1.0,0.0,156,0.09870348884489291,0.009742378710153899,0.0016,0.008142378710153898,0.0,0.0,False,1.0,0.0,1.0,0.0
250,47813,high_dynamic_accel_turn_l56__nominal_seen,149,116.19138015057032,True,False,0.21869286038793967,47813,uniform,disabled,configured_initial,1.0,1.0,0.0,149,0.08252450001342185,0.006810293102465263,0.0016,0.005210293102465263,0.0,0.0,False,1.0,0.0,1.0,0.0
251,47944,high_dynamic_sweep_l56__low_friction_seen,131,101.85313028097715,True,False,0.23357622835093478,47944,uniform,disabled,configured_initial,1.0,1.0,0.0,131,0.06823233366566027,0.004655651357461996,0.0016,0.003055651357461996,0.0,0.0,False,1.0,0.0,1.0,0.0
252,48110,high_dynamic_chicane_l56__low_friction_seen,166,106.50765586892197,True,False,0.24746171860866237,48110,uniform,disabled,configured_initial,1.0,1.0,0.0,166,0.1008604307388678,0.01017282648882995,0.0016,0.00857282648882995,0.0,0.0,False,1.0,0.0,1.0,0.0
253,48235,high_dynamic_sweep_l56__nominal_seen,125,101.83930872165107,True,False,0.2313166297724503,48235,uniform,disabled,configured_initial,1.0,1.0,0.0,125,0.07699203641769084,0.005927773671743032,0.0016,0.004327773671743032,0.0,0.0,False,1.0,0.0,1.0,0.0
254,48398,high_dynamic_accel_turn_l56__low_friction_seen,163,115.33661392657667,True,False,0.24133993890340144,48398,uniform,disabled,configured_initial,1.0,1.0,0.0,163,0.08832125505152187,0.007800644093875977,0.0016,0.006200644093875977,0.0,0.0,False,1.0,0.0,1.0,0.0
255,48534,high_dynamic_accel_straight_l56__low_friction_seen,136,97.35808031254332,True,False,0.24799372468922845,48534,uniform,disabled,configured_initial,1.0,1.0,0.0,136,0.09912866382217927,0.009826491991170635,0.0016,0.008226491991170634,0.0,0.0,False,1.0,0.0,1.0,0.0
256,48690,high_dynamic_chicane_l56__long_delay_seen,156,108.49110320330357,True,False,0.22897150332975386,48690,uniform,disabled,configured_initial,1.0,1.0,0.0,156,0.09368713734957312,0.008777279704757779,0.0016,0.007177279704757779,0.0,0.0,False,1.0,0.0,1.0,0.0
257,48853,high_dynamic_chicane_l56__low_friction_seen,163,107.04774784031423,True,False,0.2177765027254689,48853,uniform,disabled,configured_initial,1.0,1.0,0.0,163,0.10239025688436035,0.010483764704845301,0.0016,0.0088837647048453,0.0,0.0,False,1.0,0.0,1.0,0.0
258,48997,high_dynamic_accel_turn_l56__high_mass_seen,144,115.89278367419118,True,False,0.21808951158462225,48997,uniform,disabled,configured_initial,1.0,1.0,0.0,144,0.08517810533451889,0.007255309628378394,0.0016,0.005655309628378394,0.0,0.0,False,1.0,0.0,1.0,0.0
259,49116,high_dynamic_sweep_l56__high_mass_seen,119,102.43028222145004,True,False,0.24207740328697727,49116,uniform,disabled,configured_initial,1.0,1.0,0.0,119,0.06717187931126523,0.004512061370207182,0.0016,0.0029120613702071823,0.0,0.0,False,1.0,0.0,1.0,0.0
260,49234,high_dynamic_sweep_l56__high_mass_seen,118,101.56675300612294,True,False,0.24902792292066875,49234,uniform,disabled,configured_initial,1.0,1.0,0.0,118,0.07848844343744235,0.006160435753232588,0.0016,0.004560435753232588,0.0,0.0,False,1.0,0.0,1.0,0.0
261,49363,high_dynamic_sweep_l56__low_friction_seen,129,100.73944776269639,True,False,0.23602455000768685,49363,uniform,disabled,configured_initial,1.0,1.0,0.0,129,0.08267380789364938,0.006834958511636041,0.0016,0.005234958511636041,0.0,0.0,False,1.0,0.0,1.0,0.0
262,49488,high_dynamic_accel_straight_l56__high_mass_seen,125,97.90131705625284,True,False,0.2247236763605254,49488,uniform,disabled,configured_initial,1.0,1.0,0.0,125,0.09169182338629392,0.008407390475903316,0.0016,0.006807390475903316,0.0,0.0,False,1.0,0.0,1.0,0.0
263,49616,high_dynamic_sweep_l56__low_friction_seen,128,100.63227235152969,True,False,0.22878786688173977,49616,uniform,disabled,configured_initial,1.0,1.0,0.0,128,0.09137065350997521,0.008348596322839946,0.0016,0.006748596322839946,0.0,0.0,False,1.0,0.0,1.0,0.0
264,49747,high_dynamic_sweep_l56__low_friction_seen,131,100.77932057904601,True,False,0.23454579117693397,49747,uniform,disabled,configured_initial,1.0,1.0,0.0,131,0.08561905802924093,0.007330623097814526,0.0016,0.005730623097814526,0.0,0.0,False,1.0,0.0,1.0,0.0
265,49890,high_dynamic_accel_turn_l56__long_delay_seen,143,114.77957927678324,True,False,0.22328679592059433,49890,uniform,disabled,configured_initial,1.0,1.0,0.0,143,0.10110759881780802,0.010222746538702815,0.0016,0.008622746538702814,0.0,0.0,False,1.0,0.0,1.0,0.0
266,50051,high_dynamic_chicane_l56__long_delay_seen,161,107.58783853044665,True,False,0.22355818398289015,50051,uniform,disabled,configured_initial,1.0,1.0,0.0,161,0.09739736034917709,0.009486245802987453,0.0016,0.007886245802987453,0.0,0.0,False,1.0,0.0,1.0,0.0
267,50175,high_dynamic_accel_straight_l56__high_mass_seen,124,97.67969456334069,True,False,0.24852726298663966,50175,uniform,disabled,configured_initial,1.0,1.0,0.0,124,0.09341725238967202,0.008726783044035683,0.0016,0.007126783044035683,0.0,0.0,False,1.0,0.0,1.0,0.0
268,50340,high_dynamic_chicane_l56__low_friction_seen,165,106.65526027538472,True,False,0.22470729856119137,50340,uniform,disabled,configured_initial,1.0,1.0,0.0,165,0.10319778003971264,0.010649781805124912,0.0016,0.009049781805124911,0.0,0.0,False,1.0,0.0,1.0,0.0
269,50460,high_dynamic_sweep_l56__nominal_seen,120,101.52831618825388,True,False,0.2329631425270349,50460,uniform,disabled,configured_initial,1.0,1.0,0.0,120,0.08314233773268073,0.006912648323655147,0.0016,0.0053126483236551475,0.0,0.0,False,1.0,0.0,1.0,0.0
270,50616,high_dynamic_chicane_l56__nominal_seen,156,106.69029655931683,True,False,0.2265488141376797,50616,uniform,disabled,configured_initial,1.0,1.0,0.0,156,0.11057978203819424,0.012227888195614545,0.0016,0.010627888195614544,0.0,0.0,False,1.0,0.0,1.0,0.0
271,50743,high_dynamic_accel_straight_l56__nominal_seen,127,98.93491186357011,True,False,0.247973985518759,50743,uniform,disabled,configured_initial,1.0,1.0,0.0,127,0.07686390275357452,0.005908059546510961,0.0016,0.004308059546510961,0.0,0.0,False,1.0,0.0,1.0,0.0
272,50871,high_dynamic_sweep_l56__long_delay_seen,128,100.8574577300889,True,False,0.24937845611184525,50871,uniform,disabled,configured_initial,1.0,1.0,0.0,128,0.07560976889390779,0.0057168371521901466,0.0016,0.004116837152190147,0.0,0.0,False,1.0,0.0,1.0,0.0
273,51035,high_dynamic_chicane_l56__nominal_seen,164,106.26934158398954,True,False,0.24668443045625013,51035,uniform,disabled,configured_initial,1.0,1.0,0.0,164,0.11146866002476076,0.012425262167715697,0.0016,0.010825262167715696,0.0,0.0,False,1.0,0.0,1.0,0.0
274,51190,high_dynamic_chicane_l56__nominal_seen,155,107.30058253333482,True,False,0.2238258104699451,51190,uniform,disabled,configured_initial,1.0,1.0,0.0,155,0.11068976228979491,0.012252223475771304,0.0016,0.010652223475771303,0.0,0.0,False,1.0,0.0,1.0,0.0
275,51339,high_dynamic_accel_turn_l56__nominal_seen,149,116.35036655018206,True,False,0.24781799328486245,51339,uniform,disabled,configured_initial,1.0,1.0,0.0,149,0.08033160686366227,0.006453167061297991,0.0016,0.004853167061297991,0.0,0.0,False,1.0,0.0,1.0,0.0
276,51486,high_dynamic_accel_turn_l56__high_mass_seen,147,115.87265756845493,True,False,0.2429440416343553,51486,uniform,disabled,configured_initial,1.0,1.0,0.0,147,0.08349371190735766,0.006971199928068838,0.0016,0.005371199928068838,0.0,0.0,False,1.0,0.0,1.0,0.0
277,51608,high_dynamic_accel_straight_l56__long_delay_seen,122,98.34257523133786,True,False,0.2265360964115757,51608,uniform,disabled,configured_initial,1.0,1.0,0.0,122,0.0856224666938751,0.007331206802743751,0.0016,0.005731206802743751,0.0,0.0,False,1.0,0.0,1.0,0.0
278,51732,high_dynamic_sweep_l56__long_delay_seen,124,100.94032126362306,True,False,0.2465234513591299,51732,uniform,disabled,configured_initial,1.0,1.0,0.0,124,0.07776875406322173,0.006047979108545865,0.0016,0.004447979108545865,0.0,0.0,False,1.0,0.0,1.0,0.0
279,51859,high_dynamic_sweep_l56__low_friction_seen,127,101.47546485288666,True,False,0.23557780568808956,51859,uniform,disabled,configured_initial,1.0,1.0,0.0,127,0.07272214155815011,0.005288509872803623,0.0016,0.003688509872803623,0.0,0.0,False,1.0,0.0,1.0,0.0
280,51982,high_dynamic_accel_straight_l56__high_mass_seen,123,99.17179565447597,True,False,0.24928989530578904,51982,uniform,disabled,configured_initial,1.0,1.0,0.0,123,0.07013442348053942,0.004918837356947639,0.0016,0.003318837356947639,0.0,0.0,False,1.0,0.0,1.0,0.0
281,52105,high_dynamic_sweep_l56__nominal_seen,123,101.09450484572213,True,False,0.24461078612506126,52105,uniform,disabled,configured_initial,1.0,1.0,0.0,123,0.0793916657693386,0.006303036593630372,0.0016,0.004703036593630372,0.0,0.0,False,1.0,0.0,1.0,0.0
282,52252,high_dynamic_accel_turn_l56__high_mass_seen,147,116.72993028722576,True,False,0.23184702012524766,52252,uniform,disabled,configured_initial,1.0,1.0,0.0,147,0.07454307302899849,0.005556669736606602,0.0016,0.0039566697366066024,0.0,0.0,False,1.0,0.0,1.0,0.0
283,52402,high_dynamic_accel_turn_l56__long_delay_seen,150,116.67622790400401,True,False,0.22528844815714283,52402,uniform,disabled,configured_initial,1.0,1.0,0.0,150,0.07175754983108212,0.005149145957760234,0.0016,0.003549145957760234,0.0,0.0,False,1.0,0.0,1.0,0.0
284,52564,high_dynamic_chicane_l56__low_friction_seen,162,105.76970323393464,True,False,0.23609465836062707,52564,uniform,disabled,configured_initial,1.0,1.0,0.0,162,0.1082408959952499,0.011716091565854505,0.0016,0.010116091565854505,0.0,0.0,False,1.0,0.0,1.0,0.0
285,52689,high_dynamic_sweep_l56__long_delay_seen,125,101.01015855535931,True,False,0.24718255044381973,52689,uniform,disabled,configured_initial,1.0,1.0,0.0,125,0.07268329290502683,0.0052828610675179225,0.0016,0.0036828610675179226,0.0,0.0,False,1.0,0.0,1.0,0.0
286,52848,high_dynamic_chicane_l56__high_mass_seen,159,105.15693944929457,True,False,0.22648078416287218,52848,uniform,disabled,configured_initial,1.0,1.0,0.0,159,0.1185576201152288,0.014055909287386904,0.0016,0.012455909287386904,0.0,0.0,False,1.0,0.0,1.0,0.0
287,52983,high_dynamic_sweep_l56__low_friction_seen,135,99.07811049919061,True,False,0.24492336058871478,52983,uniform,disabled,configured_initial,1.0,1.0,0.0,135,0.09636125340183149,0.00928549115717198,0.0016,0.00768549115717198,0.0,0.0,False,1.0,0.0,1.0,0.0
288,53103,high_dynamic_sweep_l56__high_mass_seen,120,101.1638069098262,True,False,0.24911781517704917,53103,uniform,disabled,configured_initial,1.0,1.0,0.0,120,0.07767620661250019,0.006033593073707817,0.0016,0.004433593073707817,0.0,0.0,False,1.0,0.0,1.0,0.0
289,53254,high_dynamic_chicane_l56__high_mass_seen,151,105.61886751881694,True,False,0.22697550617470333,53254,uniform,disabled,configured_initial,1.0,1.0,0.0,151,0.11582805408804159,0.013416138113822288,0.0016,0.011816138113822287,0.0,0.0,False,1.0,0.0,1.0,0.0
290,53376,high_dynamic_sweep_l56__long_delay_seen,122,101.74504531945334,True,False,0.23716167708948935,53376,uniform,disabled,configured_initial,1.0,1.0,0.0,122,0.07088516059303386,0.0050247059923002,0.0016,0.0034247059923002005,0.0,0.0,False,1.0,0.0,1.0,0.0
291,53498,high_dynamic_sweep_l56__high_mass_seen,122,102.51653918378535,True,False,0.24767460712256034,53498,uniform,disabled,configured_initial,1.0,1.0,0.0,122,0.059673254958289366,0.003560897357317006,0.0016,0.0019608973573170064,0.0,0.0,False,1.0,0.0,1.0,0.0
292,53637,high_dynamic_sweep_l56__long_delay_seen,139,100.21373910351814,True,False,0.2457134609699124,53637,uniform,disabled,configured_initial,1.0,1.0,0.0,139,0.08645128575276259,0.0074738248083058125,0.0016,0.005873824808305813,0.0,0.0,False,1.0,0.0,1.0,0.0
293,53759,high_dynamic_sweep_l56__nominal_seen,122,100.17227801991011,True,False,0.244977827139861,53759,uniform,disabled,configured_initial,1.0,1.0,0.0,122,0.09306343026975478,0.00866080205357351,0.0016,0.007060802053573511,0.0,0.0,False,1.0,0.0,1.0,0.0
294,53885,high_dynamic_accel_straight_l56__high_mass_seen,126,98.97590371017085,True,False,0.2315787035885335,53885,uniform,disabled,configured_initial,1.0,1.0,0.0,126,0.06997094746788958,0.004895933489554164,0.0016,0.0032959334895541637,0.0,0.0,False,1.0,0.0,1.0,0.0
295,54030,high_dynamic_accel_turn_l56__high_mass_seen,145,115.51599007703581,True,False,0.23285999406125124,54030,uniform,disabled,configured_initial,1.0,1.0,0.0,145,0.08424939490471754,0.007097960541811046,0.0016,0.005497960541811046,0.0,0.0,False,1.0,0.0,1.0,0.0
296,54184,high_dynamic_chicane_l56__low_friction_seen,154,105.00620155060508,True,False,0.2495055818546762,54184,uniform,disabled,configured_initial,1.0,1.0,0.0,154,0.11670665478151683,0.013620443270292146,0.0016,0.012020443270292145,0.0,0.0,False,1.0,0.0,1.0,0.0
297,54333,high_dynamic_chicane_l56__nominal_seen,149,108.54302828831197,True,False,0.2361732291425597,54333,uniform,disabled,configured_initial,1.0,1.0,0.0,149,0.09181775074748397,0.008430499352327092,0.0016,0.006830499352327092,0.0,0.0,False,1.0,0.0,1.0,0.0
298,54483,high_dynamic_chicane_l56__high_mass_seen,150,106.9646127569506,True,False,0.22625590469268445,54483,uniform,disabled,configured_initial,1.0,1.0,0.0,150,0.1048832382789395,0.0110004936718768,0.0016,0.0094004936718768,0.0,0.0,False,1.0,0.0,1.0,0.0
299,54631,high_dynamic_accel_turn_l56__nominal_seen,148,116.72355172470637,True,False,0.2385474351118682,54631,uniform,disabled,configured_initial,1.0,1.0,0.0,148,0.06942559943414729,0.0048199138567906735,0.0016,0.0032199138567906736,0.0,0.0,False,1.0,0.0,1.0,0.0
300,54782,high_dynamic_accel_turn_l56__long_delay_seen,151,115.94690535017413,True,False,0.23965952124968437,54782,uniform,disabled,configured_initial,1.0,1.0,0.0,151,0.0831707998798252,0.006917381952649932,0.0016,0.005317381952649932,0.0,0.0,False,1.0,0.0,1.0,0.0
301,54930,high_dynamic_accel_turn_l56__nominal_seen,148,115.25663926829559,True,False,0.22781006274268603,54930,uniform,disabled,configured_initial,1.0,1.0,0.0,148,0.09101893196623272,0.008284445976273699,0.0016,0.006684445976273699,0.0,0.0,False,1.0,0.0,1.0,0.0
302,55082,high_dynamic_accel_turn_l56__long_delay_seen,152,115.9897992841878,True,False,0.24897191182569062,55082,uniform,disabled,configured_initial,1.0,1.0,0.0,152,0.07815771152255425,0.006108627870442811,0.0016,0.004508627870442811,0.0,0.0,False,1.0,0.0,1.0,0.0
303,55200,high_dynamic_sweep_l56__high_mass_seen,118,101.87042646437249,True,False,0.23251854485883902,55200,uniform,disabled,configured_initial,1.0,1.0,0.0,118,0.06959657212899871,0.004843682852106919,0.0016,0.003243682852106919,0.0,0.0,False,1.0,0.0,1.0,0.0
304,55315,high_dynamic_sweep_l56__high_mass_seen,115,102.43809803723651,True,False,0.2304150209684483,55315,uniform,disabled,configured_initial,1.0,1.0,0.0,115,0.06373334996122813,0.004061939897280378,0.0016,0.0024619398972803783,0.0,0.0,False,1.0,0.0,1.0,0.0
305,55436,high_dynamic_sweep_l56__high_mass_seen,121,102.45363514640366,True,False,0.23715578829873812,55436,uniform,disabled,configured_initial,1.0,1.0,0.0,121,0.062015190699547175,0.0038458838775012024,0.0016,0.0022458838775012025,0.0,0.0,False,1.0,0.0,1.0,0.0
306,55585,high_dynamic_accel_turn_l56__long_delay_seen,149,115.92180845716257,True,False,0.23838094068890778,55585,uniform,disabled,configured_initial,1.0,1.0,0.0,149,0.0833180736885188,0.00694190140316545,0.0016,0.00534190140316545,0.0,0.0,False,1.0,0.0,1.0,0.0
307,55733,high_dynamic_chicane_l56__nominal_seen,148,108.45559651933075,True,False,0.23788242225980974,55733,uniform,disabled,configured_initial,1.0,1.0,0.0,148,0.09652354554125595,0.00931679484385491,0.0016,0.0077167948438549095,0.0,0.0,False,1.0,0.0,1.0,0.0
308,55884,high_dynamic_accel_turn_l56__high_mass_seen,151,116.38794430965575,True,False,0.23289839875632865,55884,uniform,disabled,configured_initial,1.0,1.0,0.0,151,0.08037826787523963,0.006460665946623779,0.0016,0.0048606659466237795,0.0,0.0,False,1.0,0.0,1.0,0.0
309,56039,high_dynamic_accel_turn_l56__nominal_seen,155,115.02389374418073,True,False,0.23693365312250408,56039,uniform,disabled,configured_initial,1.0,1.0,0.0,155,0.09480497870788121,0.008987983987801809,0.0016,0.007387983987801809,0.0,0.0,False,1.0,0.0,1.0,0.0
310,56205,high_dynamic_accel_turn_l56__low_friction_seen,166,113.75461404153445,True,False,0.24609695544044805,56205,uniform,disabled,configured_initial,1.0,1.0,0.0,166,0.1045086049477575,0.010922048508126444,0.0016,0.009322048508126443,0.0,0.0,False,1.0,0.0,1.0,0.0
311,56340,high_dynamic_accel_straight_l56__low_friction_seen,135,93.72178944584627,True,False,0.2468374005563118,56340,uniform,disabled,configured_initial,1.0,1.0,0.0,135,0.12966412316079856,0.016812784835058738,0.0016,0.015212784835058737,0.0,0.0,False,1.0,0.0,1.0,0.0
312,56468,high_dynamic_sweep_l56__long_delay_seen,128,102.80852077710719,True,False,0.24659152714484692,56468,uniform,disabled,configured_initial,1.0,1.0,0.0,128,0.0534054597881192,0.0028521431351804165,0.0016,0.0012521431351804164,0.0,0.0,False,1.0,0.0,1.0,0.0
313,56590,high_dynamic_accel_straight_l56__nominal_seen,122,97.29495471919458,True,False,0.2353136685864497,56590,uniform,disabled,configured_initial,1.0,1.0,0.0,122,0.10443572838036883,0.010906821362338176,0.0016,0.009306821362338175,0.0,0.0,False,1.0,0.0,1.0,0.0
314,56740,high_dynamic_accel_turn_l56__nominal_seen,150,115.1636134265891,True,False,0.23349415185756367,56740,uniform,disabled,configured_initial,1.0,1.0,0.0,150,0.09412282329481124,0.00885910586498626,0.0016,0.007259105864986261,0.0,0.0,False,1.0,0.0,1.0,0.0
315,56892,high_dynamic_accel_turn_l56__high_mass_seen,152,110.48030991473672,True,False,0.2372682297220184,56892,uniform,disabled,configured_initial,1.0,1.0,0.0,152,0.13962631582392185,0.019495508070561572,0.0016,0.01789550807056157,0.0,0.0,False,1.0,0.0,1.0,0.0
316,57045,high_dynamic_chicane_l56__low_friction_seen,153,109.58617721227671,True,False,0.23187300064814073,57045,uniform,disabled,configured_initial,1.0,1.0,0.0,153,0.07856637146330725,0.00617267472491038,0.0016,0.0045726747249103805,0.0,0.0,False,1.0,0.0,1.0,0.0
317,57190,high_dynamic_sweep_l56__high_mass_seen,145,99.91203805027264,True,False,0.24889422874641304,57190,uniform,disabled,configured_initial,1.0,1.0,0.0,145,0.08935376217706605,0.007984094815195679,0.0016,0.006384094815195679,0.0,0.0,False,1.0,0.0,1.0,0.0
318,57325,high_dynamic_accel_straight_l56__low_friction_seen,135,96.24943175299597,True,False,0.23184357566686983,57325,uniform,disabled,configured_initial,1.0,1.0,0.0,135,0.10063639963763228,0.010127684932025236,0.0016,0.008527684932025235,0.0,0.0,False,1.0,0.0,1.0,0.0
319,57465,high_dynamic_accel_straight_l56__low_friction_seen,140,95.29916590767856,True,False,0.228816651459135,57465,uniform,disabled,configured_initial,1.0,1.0,0.0,140,0.11389565213670931,0.012972219575646295,0.0016,0.011372219575646294,0.0,0.0,False,1.0,0.0,1.0,0.0
320,57608,high_dynamic_chicane_l56__nominal_seen,143,109.57333178967728,True,False,0.2174264293165611,57608,uniform,disabled,configured_initial,1.0,1.0,0.0,143,0.08332433816410474,0.006942945330486081,0.0016,0.005342945330486081,0.0,0.0,False,1.0,0.0,1.0,0.0
321,57730,high_dynamic_accel_straight_l56__high_mass_seen,122,96.18736880604439,True,False,0.24068537683329977,57730,uniform,disabled,configured_initial,1.0,1.0,0.0,122,0.12388435653839525,0.015347333794932232,0.0016,0.013747333794932232,0.0,0.0,False,1.0,0.0,1.0,0.0
322,57849,high_dynamic_sweep_l56__nominal_seen,119,103.50429490644711,True,False,0.24843470453739444,57849,uniform,disabled,configured_initial,1.0,1.0,0.0,119,0.03517506426585787,0.0012372851461072314,0.0016,-0.00036271485389276865,0.0,0.0,True,1.0,0.0,1.0,0.0
323,57966,high_dynamic_sweep_l56__long_delay_seen,117,102.20829456712198,True,False,0.2350584977359637,57966,uniform,disabled,configured_initial,1.0,1.0,0.0,117,0.06343121730966687,0.004023519329386182,0.0016,0.0024235193293861822,0.0,0.0,False,1.0,0.0,1.0,0.0
324,58103,high_dynamic_accel_straight_l56__low_friction_seen,137,97.40437036989451,True,False,0.24476323873378641,58103,uniform,disabled,configured_initial,1.0,1.0,0.0,137,0.09704668720030042,0.009418059496552954,0.0016,0.007818059496552954,0.0,0.0,False,1.0,0.0,1.0,0.0
325,58228,high_dynamic_accel_straight_l56__high_mass_seen,125,93.30512052740596,True,False,0.23881534803639712,58228,uniform,disabled,configured_initial,1.0,1.0,0.0,125,0.14263834510175305,0.020345697493366795,0.0016,0.018745697493366794,0.0,0.0,False,1.0,0.0,1.0,0.0
326,58383,high_dynamic_chicane_l56__low_friction_seen,155,109.99144112336904,True,False,0.23517834012109337,58383,uniform,disabled,configured_initial,1.0,1.0,0.0,155,0.07435375936249983,0.00552848153133653,0.0016,0.0039284815313365305,0.0,0.0,False,1.0,0.0,1.0,0.0
327,58532,high_dynamic_accel_turn_l56__high_mass_seen,149,115.44649671969324,True,False,0.2305568011906692,58532,uniform,disabled,configured_initial,1.0,1.0,0.0,149,0.08977379152981131,0.00805933364563802,0.0016,0.006459333645638021,0.0,0.0,False,1.0,0.0,1.0,0.0
328,58689,high_dynamic_accel_turn_l56__nominal_seen,157,113.96733498424328,True,False,0.22672622475243057,58689,uniform,disabled,configured_initial,1.0,1.0,0.0,157,0.10512999842394784,0.011052316568619274,0.0016,0.009452316568619274,0.0,0.0,False,1.0,0.0,1.0,0.0
329,58815,high_dynamic_accel_straight_l56__long_delay_seen,126,97.82096004092253,True,False,0.24975214086111622,58815,uniform,disabled,configured_initial,1.0,1.0,0.0,126,0.08316658403170898,0.006916680699503311,0.0016,0.005316680699503311,0.0,0.0,False,1.0,0.0,1.0,0.0
330,58971,high_dynamic_accel_turn_l56__long_delay_seen,156,112.88884811466396,True,False,0.23932584348123745,58971,uniform,disabled,configured_initial,1.0,1.0,0.0,156,0.11417357876398357,0.013035606087775561,0.0016,0.01143560608777556,0.0,0.0,False,1.0,0.0,1.0,0.0
331,59124,high_dynamic_accel_turn_l56__nominal_seen,153,116.27164669956997,True,False,0.24846529484499244,59124,uniform,disabled,configured_initial,1.0,1.0,0.0,153,0.07462098574421831,0.0055682915134388335,0.0016,0.003968291513438834,0.0,0.0,False,1.0,0.0,1.0,0.0
332,59266,high_dynamic_accel_straight_l56__low_friction_seen,142,96.53788719911867,True,False,0.24646253920827646,59266,uniform,disabled,configured_initial,1.0,1.0,0.0,142,0.11661309461274845,0.013598613835161822,0.0016,0.011998613835161822,0.0,0.0,False,1.0,0.0,1.0,0.0
333,59409,high_dynamic_chicane_l56__high_mass_seen,143,110.60764703641327,True,False,0.2275984739941088,59409,uniform,disabled,configured_initial,1.0,1.0,0.0,143,0.07298361964756858,0.0053266087368609594,0.0016,0.0037266087368609596,0.0,0.0,False,1.0,0.0,1.0,0.0
334,59564,high_dynamic_accel_turn_l56__high_mass_seen,155,117.81732244501418,True,False,0.22858243509321677,59564,uniform,disabled,configured_initial,1.0,1.0,0.0,155,0.059622500325113834,0.0035548425450181993,0.0016,0.001954842545018199,0.0,0.0,False,1.0,0.0,1.0,0.0
335,59703,high_dynamic_chicane_l56__high_mass_seen,139,110.2500583482826,True,False,0.23661386893154834,59703,uniform,disabled,configured_initial,1.0,1.0,0.0,139,0.07721417223683193,0.005962028394219146,0.0016,0.0043620283942191465,0.0,0.0,False,1.0,0.0,1.0,0.0
336,59844,high_dynamic_chicane_l56__high_mass_seen,141,109.84532405396766,True,False,0.22861935804151698,59844,uniform,disabled,configured_initial,1.0,1.0,0.0,141,0.08413846973150813,0.00707928208875991,0.0016,0.00547928208875991,0.0,0.0,False,1.0,0.0,1.0,0.0
337,59979,high_dynamic_accel_straight_l56__low_friction_seen,135,94.73728858453637,True,False,0.24757649952977767,59979,uniform,disabled,configured_initial,1.0,1.0,0.0,135,0.11963203699984207,0.014311824276731581,0.0016,0.01271182427673158,0.0,0.0,False,1.0,0.0,1.0,0.0
