benchmark_arm,scene,physics_domain,episodes,independent_seeds,success_mean,collision_mean,steps_mean,final_goal_distance_mean,trajectory_length_mean,minimum_clearance_mean,stuck_steps_mean,spin_steps_mean,mean_abs_omega_mean,control_jerk_mean,planner_compute_ms_mean_mean,planner_compute_ms_p95_mean,planner_compute_ms_max_mean,paper_total_rollouts_mean_mean
traditional_mppi,lab_complex,combined_unseen,10,10,0.0,0.0,600.0,3.4464175866452584,0.8968704123461458,0.16062652462209567,458.3,28.8,0.2519100656141315,0.1675981304064314,5.206767559609338,6.898410442809109,23.218270094366744,0.0
traditional_mppi,lab_complex,nominal_seen,10,10,0.0,0.0,600.0,3.602343078134851,0.7172020324234364,0.1718128306159415,469.1,20.6,0.2561699260381016,0.1718805525284522,5.671706095769574,8.073411770310486,19.95477549789939,0.0
traditional_mppi,narrow_corridor,combined_unseen,10,10,0.0,0.0,600.0,3.5623144618581173,0.8200625335547229,0.16477412633894734,514.1,25.0,0.2534728184497625,0.169183320955441,4.425230303075901,6.593822726572396,17.661844694521278,0.0
traditional_mppi,narrow_corridor,nominal_seen,10,10,0.0,0.0,600.0,3.5579967362869893,0.8192812693357286,0.1682778847565481,511.1,13.8,0.234681271265501,0.1660300039910601,4.454406742928161,6.786471896484725,17.28997539903503,0.0
traditional_mppi,u_trap_long_board,combined_unseen,10,10,0.0,0.0,600.0,3.0787843456894306,1.4055392966614215,0.14566049940252432,470.8,48.6,0.288876231482077,0.1733327750150411,4.507657106490418,6.540594404941655,19.21706149878446,0.0
traditional_mppi,u_trap_long_board,nominal_seen,10,10,0.0,0.0,600.0,3.1458270620149538,1.3139032331774843,0.14415852283972394,465.3,39.2,0.2925702979029804,0.17296973873836574,4.465354923736109,6.54780140437651,16.67152579757385,0.0
icode_mppi,lab_complex,combined_unseen,10,10,0.0,0.0,600.0,3.452288360139866,0.8903193456874263,0.16355785498807798,468.9,20.1,0.22622699276532346,0.16236141286655137,100.37249211155964,122.3792730893183,275.97376969933975,0.0
icode_mppi,lab_complex,nominal_seen,10,10,0.0,0.0,600.0,3.464992300338783,0.884193701666352,0.16532951710258106,469.0,12.3,0.22008789897790243,0.16317118282581522,117.37038813401402,153.4850287035806,206.44291610224172,0.0
icode_mppi,narrow_corridor,combined_unseen,10,10,0.0,0.0,600.0,3.507318395688853,0.888142718439466,0.1752969078572762,509.6,7.3,0.17535947179778866,0.1421577432203858,93.74561105332397,120.37978210093567,220.16076649306342,0.0
icode_mppi,narrow_corridor,nominal_seen,10,10,0.0,0.0,600.0,3.5516481991658764,0.8260015244340776,0.17390263213272142,509.0,4.2,0.19288703147618613,0.1637015145500262,89.68201961879095,108.81123493978518,166.50903410627507,0.0
icode_mppi,u_trap_long_board,combined_unseen,10,10,0.0,0.0,600.0,3.230339525341518,1.1967056424809723,0.1548413163934585,472.2,28.5,0.25105479802361186,0.17253381414630406,92.73200253239096,113.94714427937288,166.22490000154357,0.0
icode_mppi,u_trap_long_board,nominal_seen,10,10,0.0,0.0,600.0,3.1319745379084467,1.3212219365082298,0.146169971607194,457.2,19.6,0.2314458609108731,0.17216529751878568,92.30557583245778,114.52031253837049,196.2301044986816,0.0
rl_driven_mppi,lab_complex,combined_unseen,10,10,1.0,0.0,374.3,0.29726284584731205,7.182823607410723,0.4102353866034001,31.9,8.3,0.26809292145464364,0.09000357547401946,33.82938148837358,38.914697187865386,54.83981879951898,100.0
rl_driven_mppi,lab_complex,nominal_seen,10,10,1.0,0.0,372.9,0.29850964501028465,7.0716911658672945,0.38853397588225563,33.6,7.0,0.25886962531176866,0.08996904081700252,39.64137160924291,49.38731229660334,69.53194139932748,100.0
rl_driven_mppi,narrow_corridor,combined_unseen,10,10,1.0,0.0,433.6,0.2980321926979976,6.437986633965201,0.3127776705193147,100.2,6.7,0.1571854948211499,0.06521528875948981,28.190530770860626,33.959670678013936,45.60111470054835,100.0
rl_driven_mppi,narrow_corridor,nominal_seen,10,10,1.0,0.0,421.4,0.29692830751656646,6.374520645490777,0.305111727631474,91.8,4.6,0.14747916611246387,0.06634777326651646,28.732907725469182,35.39039587543812,47.56505550467409,100.0
rl_driven_mppi,u_trap_long_board,combined_unseen,10,10,1.0,0.0,483.6,0.2990660601028672,7.328023729307105,0.39575039924798033,120.8,5.0,0.22177267435522258,0.07365524869151932,30.40259136987629,37.62543605611427,49.45799379784148,100.0
rl_driven_mppi,u_trap_long_board,nominal_seen,10,10,0.9,0.0,489.1,0.29987911623065583,7.1660585477103,0.3687188786413426,135.5,1.7,0.20086605593873214,0.07175137624011363,29.846676413044964,36.15865559215308,48.78431360120885,100.0
simple_combination,lab_complex,combined_unseen,10,10,1.0,0.0,376.9,0.2969549349519046,7.040082231163533,0.3915142590105011,35.9,10.9,0.26915837727155295,0.0882883408293981,203.47891576096714,238.35254752935725,268.9093850000063,100.0
simple_combination,lab_complex,nominal_seen,10,10,1.0,0.0,368.4,0.29800607791393885,6.950255936676939,0.3860436533814088,39.2,9.2,0.2601894857126184,0.08805075307346441,221.86450254200912,280.17920256315847,341.490942199016,100.0
simple_combination,narrow_corridor,combined_unseen,10,10,1.0,0.0,433.4,0.29877651957021606,6.422299928528091,0.3155063835855948,107.6,6.5,0.1584143215705627,0.062725848398455,175.90496431625712,219.52486628171755,292.35568999429233,100.0
simple_combination,narrow_corridor,nominal_seen,10,10,1.0,0.0,427.9,0.2977444630458085,6.3925931228447315,0.30622279288874077,98.5,4.3,0.15455363540050543,0.06464747478600845,172.1850363398418,208.90508412063355,247.93811279523652,100.0
simple_combination,u_trap_long_board,combined_unseen,10,10,1.0,0.0,501.2,0.2990329371752586,7.206582315775509,0.38517926910412037,146.7,4.9,0.20099508327461155,0.0699057882695277,174.45706523665567,216.88020834539202,271.22461020189803,100.0
simple_combination,u_trap_long_board,nominal_seen,10,10,1.0,0.0,468.3,0.29926303885642697,7.091508202454317,0.3666783833022532,113.7,1.9,0.20980159850068505,0.07297512752496518,175.64049741272814,221.1344614419795,272.48489659978077,100.0
value_fixed,lab_complex,combined_unseen,10,10,1.0,0.0,375.5,0.29711377456858445,7.011245655601087,0.39671399523989526,39.7,10.3,0.2599573290054506,0.08742619955038225,202.18843813455715,231.59262112501892,284.1244478011504,100.0
value_fixed,lab_complex,nominal_seen,10,10,1.0,0.0,359.6,0.2962701263340981,6.905428025112208,0.37628357459770434,34.7,6.1,0.25023806966067935,0.08988679412096258,212.74357260799488,279.6991588715173,324.18611670436803,100.0
value_fixed,narrow_corridor,combined_unseen,10,10,1.0,0.0,441.4,0.2979965596052377,6.4323231442121225,0.31314733066474637,112.4,5.7,0.15577277467039724,0.06251866122911849,178.2129509129916,223.32364819099894,264.46986920491327,100.0
value_fixed,narrow_corridor,nominal_seen,10,10,1.0,0.0,432.9,0.29785889639961505,6.366217482957796,0.3086772008142485,112.2,4.7,0.14891043163762036,0.06254747770443106,169.15469100021238,200.91093136245036,233.9565562957432,100.0
value_fixed,u_trap_long_board,combined_unseen,10,10,1.0,0.0,494.6,0.29905578610758893,7.167564089283471,0.3898477070500978,140.3,4.8,0.2030585138937102,0.0715302118369785,180.0092111428358,236.43045834469376,288.0028970015701,100.0
value_fixed,u_trap_long_board,nominal_seen,10,10,1.0,0.0,530.6,0.2993860398760958,7.124631668693569,0.3746991667365835,168.8,2.2,0.19385708369291063,0.06859682641078711,179.44649371265177,228.69766785777756,294.58811169606633,100.0
ordinary_adaptive,lab_complex,combined_unseen,10,10,1.0,0.0,368.7,0.2967992146225625,6.952605428781946,0.3851911753434639,34.7,8.1,0.25325687120708107,0.092790190946363,212.57260341654631,260.26255963908625,313.6751360987546,100.0
ordinary_adaptive,lab_complex,nominal_seen,10,10,1.0,0.0,365.9,0.296058867091228,6.854305604884982,0.37335856539760626,35.4,5.8,0.2377406345957434,0.09361586049740828,232.96919503529435,300.52308752943645,359.6804734057514,100.0
ordinary_adaptive,narrow_corridor,combined_unseen,10,10,1.0,0.0,398.0,0.2983512476192452,6.349374559948999,0.3099051275699333,80.3,6.7,0.16534564583751177,0.06863768537441814,185.4928295479589,237.5341470359126,280.5391190981027,100.0
ordinary_adaptive,narrow_corridor,nominal_seen,10,10,1.0,0.0,382.2,0.2961332943025431,6.225407688386797,0.28875304590398193,63.4,2.7,0.1599810191436897,0.07401438972759651,175.42043552981636,209.78691994809196,240.44647890259512,100.0
ordinary_adaptive,u_trap_long_board,combined_unseen,10,10,1.0,0.0,513.0,0.2989990028809568,7.088975461649346,0.34288089191569354,158.6,4.1,0.18636063566710423,0.07194424446198591,185.1890298039053,234.66872161705396,331.5945855953032,100.0
ordinary_adaptive,u_trap_long_board,nominal_seen,10,10,1.0,0.0,478.4,0.29952410202259017,6.945039525576405,0.3168480090435445,129.5,2.4,0.18687287209768794,0.07519456335400218,187.96127120897398,238.7684368736518,310.5116090970114,100.0
full_proposed,lab_complex,combined_unseen,10,10,1.0,0.0,358.0,0.29674758720071875,6.867813827657019,0.3720449551791891,34.3,8.8,0.2506707569535346,0.09309724456821182,198.22633566702487,233.3800989120209,273.25601240154356,100.0
full_proposed,lab_complex,nominal_seen,10,10,1.0,0.0,355.3,0.2964504517196954,6.810899318894771,0.3590509796809995,30.6,6.0,0.24873255871386685,0.09391204808945826,234.36342884576032,300.742828668881,347.2962608997477,100.0
full_proposed,narrow_corridor,combined_unseen,10,10,1.0,0.0,386.2,0.29669161732776833,6.29078001435335,0.29767160067456866,77.4,6.0,0.1649581179554693,0.07122654727474632,191.24309575159964,246.16781050965074,287.61572500516195,100.0
full_proposed,narrow_corridor,nominal_seen,10,10,1.0,0.0,389.9,0.29883301867376155,6.2192884514651166,0.28825695490293973,66.6,3.5,0.1638665907480425,0.0755261592064494,177.7389575134568,205.79346931306645,241.18534960434772,100.0
full_proposed,u_trap_long_board,combined_unseen,10,10,1.0,0.0,503.3,0.29894460106356496,7.035249438668484,0.373746372117845,160.0,4.4,0.1839483832281011,0.0705823715776884,177.10570486477624,217.31463337768218,257.3197721969336,100.0
full_proposed,u_trap_long_board,nominal_seen,10,10,1.0,0.0,478.9,0.2991665278783978,7.019073618457604,0.3597000235936712,119.8,3.0,0.19873690455156437,0.0771097033139137,183.23492729213768,236.50367595269927,281.57169569749385,100.0
