experiment,evidence_stage,split,gate_passed,episode_count,rank_correlation,rank_ci_low,rank_ci_high,tail_error_separation,source
path_aware_ordinary_reliability_l190,offline_reliability_calibration,test,False,16,-0.8588235294117647,,,,results/research_platform/rl/path_aware_ordinary_reliability_l190/calibration_summary.json
path_aware_ordinary_reliability_l190,offline_reliability_calibration,unseen,False,20,-0.021052631578947364,,,,results/research_platform/rl/path_aware_ordinary_reliability_l190/calibration_summary.json
path_aware_ordinary_reliability_l190,offline_reliability_calibration,validation,True,16,-0.8911764705882352,,,,results/research_platform/rl/path_aware_ordinary_reliability_l190/calibration_summary.json
path_aware_value_reliability_l190,offline_reliability_calibration,test,True,16,-0.9176470588235294,,,,results/research_platform/rl/path_aware_value_reliability_l190/calibration_summary.json
path_aware_value_reliability_l190,offline_reliability_calibration,unseen,False,20,0.024060150375939848,,,,results/research_platform/rl/path_aware_value_reliability_l190/calibration_summary.json
path_aware_value_reliability_l190,offline_reliability_calibration,validation,True,16,-0.8941176470588235,,,,results/research_platform/rl/path_aware_value_reliability_l190/calibration_summary.json
path_aware_ordinary_reliability_innovation_l191,offline_reliability_calibration,test,False,16,-0.9411764705882352,,,,results/research_platform/rl/path_aware_ordinary_reliability_innovation_l191/calibration_summary.json
path_aware_ordinary_reliability_innovation_l191,offline_reliability_calibration,unseen,True,20,-0.8436090225563909,,,,results/research_platform/rl/path_aware_ordinary_reliability_innovation_l191/calibration_summary.json
path_aware_ordinary_reliability_innovation_l191,offline_reliability_calibration,validation,True,16,-0.9411764705882352,,,,results/research_platform/rl/path_aware_ordinary_reliability_innovation_l191/calibration_summary.json
path_aware_value_reliability_innovation_l191,offline_reliability_calibration,test,False,16,-0.9352941176470588,,,,results/research_platform/rl/path_aware_value_reliability_innovation_l191/calibration_summary.json
path_aware_value_reliability_innovation_l191,offline_reliability_calibration,unseen,True,20,-0.8511278195488721,,,,results/research_platform/rl/path_aware_value_reliability_innovation_l191/calibration_summary.json
path_aware_value_reliability_innovation_l191,offline_reliability_calibration,validation,True,16,-0.95,,,,results/research_platform/rl/path_aware_value_reliability_innovation_l191/calibration_summary.json
path_aware_ordinary_reliability_continuous_l192,offline_reliability_calibration,test,True,24,-0.9242823343879112,-0.9718560700513208,-0.7812368534904548,0.46049988452596885,results/research_platform/rl/path_aware_ordinary_reliability_continuous_l192/calibration_summary.json
path_aware_ordinary_reliability_continuous_l192,offline_reliability_calibration,unseen,True,30,-0.8898572843664198,-0.9506745282607195,-0.7357369307431885,0.4926856387405966,results/research_platform/rl/path_aware_ordinary_reliability_continuous_l192/calibration_summary.json
path_aware_ordinary_reliability_continuous_l192,offline_reliability_calibration,validation,True,24,-0.9486956521739129,-0.9842726081258192,-0.8335431906037141,0.5426034810235933,results/research_platform/rl/path_aware_ordinary_reliability_continuous_l192/calibration_summary.json
path_aware_value_reliability_continuous_l192,offline_reliability_calibration,test,True,24,-0.9110676449338172,-0.9710909866039475,-0.7578920810142954,0.4580047317112204,results/research_platform/rl/path_aware_value_reliability_continuous_l192/calibration_summary.json
path_aware_value_reliability_continuous_l192,offline_reliability_calibration,unseen,True,30,-0.8974381281821197,-0.9551406689393872,-0.7581293048200602,0.4657366871213729,results/research_platform/rl/path_aware_value_reliability_continuous_l192/calibration_summary.json
path_aware_value_reliability_continuous_l192,offline_reliability_calibration,validation,True,24,-0.9434782608695651,-0.9842243645924627,-0.8175398549050416,0.5341675798957612,results/research_platform/rl/path_aware_value_reliability_continuous_l192/calibration_summary.json
path_aware_innovation_closed_loop_dev_l193,closed_loop_development,ordinary_fixed_seed558,True,1,,,,,results/research_platform/rl/path_aware_innovation_closed_loop_dev_l193/progress.csv
path_aware_innovation_closed_loop_dev_l193,closed_loop_development,ordinary_adaptive_seed558,True,1,,,,,results/research_platform/rl/path_aware_innovation_closed_loop_dev_l193/progress.csv
path_aware_innovation_closed_loop_dev_l193,closed_loop_development,value_fixed_seed558,True,1,,,,,results/research_platform/rl/path_aware_innovation_closed_loop_dev_l193/progress.csv
path_aware_innovation_closed_loop_dev_l193,closed_loop_development,full_proposed_seed558,True,1,,,,,results/research_platform/rl/path_aware_innovation_closed_loop_dev_l193/progress.csv
path_aware_innovation_closed_loop_dev_l193,closed_loop_development,ordinary_fixed_seed559,True,1,,,,,results/research_platform/rl/path_aware_innovation_closed_loop_dev_l193/progress.csv
path_aware_innovation_closed_loop_dev_l193,closed_loop_development,ordinary_adaptive_seed559,True,1,,,,,results/research_platform/rl/path_aware_innovation_closed_loop_dev_l193/progress.csv
path_aware_innovation_closed_loop_dev_l193,closed_loop_development,value_fixed_seed559,True,1,,,,,results/research_platform/rl/path_aware_innovation_closed_loop_dev_l193/progress.csv
path_aware_innovation_closed_loop_dev_l193,closed_loop_development,full_proposed_seed559,True,1,,,,,results/research_platform/rl/path_aware_innovation_closed_loop_dev_l193/progress.csv
path_aware_innovation_closed_loop_dev_l193,closed_loop_development,ordinary_adaptive_seed560,True,1,,,,,results/research_platform/rl/path_aware_innovation_closed_loop_dev_l193/progress.csv
path_aware_innovation_closed_loop_dev_l193,closed_loop_development,full_proposed_seed560,True,1,,,,,results/research_platform/rl/path_aware_innovation_closed_loop_dev_l193/progress.csv
path_aware_innovation_closed_loop_dev_l193,closed_loop_development,ordinary_fixed_seed560,True,1,,,,,results/research_platform/rl/path_aware_innovation_closed_loop_dev_l193/progress.csv
path_aware_innovation_closed_loop_dev_l193,closed_loop_development,value_fixed_seed560,True,1,,,,,results/research_platform/rl/path_aware_innovation_closed_loop_dev_l193/progress.csv
path_aware_source_competence_closed_loop_dev_l194,closed_loop_development,value_fixed_seed566,True,1,,,,,results/research_platform/rl/path_aware_source_competence_closed_loop_dev_l194/progress.csv
path_aware_source_competence_closed_loop_dev_l194,closed_loop_development,ordinary_fixed_seed566,True,1,,,,,results/research_platform/rl/path_aware_source_competence_closed_loop_dev_l194/progress.csv
path_aware_source_competence_closed_loop_dev_l194,closed_loop_development,full_proposed_seed566,True,1,,,,,results/research_platform/rl/path_aware_source_competence_closed_loop_dev_l194/progress.csv
path_aware_source_competence_closed_loop_dev_l194,closed_loop_development,ordinary_adaptive_seed566,True,1,,,,,results/research_platform/rl/path_aware_source_competence_closed_loop_dev_l194/progress.csv
path_aware_source_competence_closed_loop_dev_l194,closed_loop_development,ordinary_adaptive_seed567,True,1,,,,,results/research_platform/rl/path_aware_source_competence_closed_loop_dev_l194/progress.csv
path_aware_source_competence_closed_loop_dev_l194,closed_loop_development,value_fixed_seed567,True,1,,,,,results/research_platform/rl/path_aware_source_competence_closed_loop_dev_l194/progress.csv
path_aware_source_competence_closed_loop_dev_l194,closed_loop_development,full_proposed_seed567,True,1,,,,,results/research_platform/rl/path_aware_source_competence_closed_loop_dev_l194/progress.csv
path_aware_source_competence_closed_loop_dev_l194,closed_loop_development,ordinary_fixed_seed567,True,1,,,,,results/research_platform/rl/path_aware_source_competence_closed_loop_dev_l194/progress.csv
path_aware_source_competence_closed_loop_dev_l194,closed_loop_development,ordinary_adaptive_seed568,True,1,,,,,results/research_platform/rl/path_aware_source_competence_closed_loop_dev_l194/progress.csv
path_aware_source_competence_closed_loop_dev_l194,closed_loop_development,ordinary_fixed_seed568,True,1,,,,,results/research_platform/rl/path_aware_source_competence_closed_loop_dev_l194/progress.csv
path_aware_source_competence_closed_loop_dev_l194,closed_loop_development,full_proposed_seed568,True,1,,,,,results/research_platform/rl/path_aware_source_competence_closed_loop_dev_l194/progress.csv
path_aware_source_competence_closed_loop_dev_l194,closed_loop_development,value_fixed_seed568,True,1,,,,,results/research_platform/rl/path_aware_source_competence_closed_loop_dev_l194/progress.csv
